rideCount,endLoc,dayofweek,hourofday,end_lt,end_lg
6,"-84.18, 33.92",Friday,0,33.92,-84.18
7,"-84.2, 33.89",Friday,0,33.89,-84.2
5,"-84.2, 33.93",Friday,0,33.93,-84.2
5,"-84.21, 33.91",Friday,0,33.91,-84.21
5,"-84.21, 33.94",Friday,0,33.94,-84.21
15,"-84.21, 33.96",Friday,0,33.96,-84.21
12,"-84.22, 33.92",Friday,0,33.92,-84.22
5,"-84.22, 33.93",Friday,0,33.93,-84.22
5,"-84.23, 33.93",Friday,0,33.93,-84.23
21,"-84.25, 33.94",Friday,0,33.94,-84.25
14,"-84.25, 33.95",Friday,0,33.95,-84.25
7,"-84.26, 33.91",Friday,0,33.91,-84.26
15,"-84.26, 33.94",Friday,0,33.94,-84.26
15,"-84.26, 33.95",Friday,0,33.95,-84.26
10,"-84.18, 33.92",Friday,1,33.92,-84.18
6,"-84.2, 33.92",Friday,1,33.92,-84.2
5,"-84.21, 33.9",Friday,1,33.9,-84.21
7,"-84.21, 33.91",Friday,1,33.91,-84.21
7,"-84.21, 33.93",Friday,1,33.93,-84.21
11,"-84.21, 33.96",Friday,1,33.96,-84.21
7,"-84.22, 33.92",Friday,1,33.92,-84.22
5,"-84.22, 33.96",Friday,1,33.96,-84.22
5,"-84.24, 33.94",Friday,1,33.94,-84.24
17,"-84.25, 33.94",Friday,1,33.94,-84.25
9,"-84.25, 33.95",Friday,1,33.95,-84.25
6,"-84.26, 33.94",Friday,1,33.94,-84.26
13,"-84.26, 33.95",Friday,1,33.95,-84.26
6,"-84.28, 33.9",Friday,1,33.9,-84.28
6,"-84.18, 33.92",Friday,2,33.92,-84.18
6,"-84.19, 33.91",Friday,2,33.91,-84.19
5,"-84.2, 33.89",Friday,2,33.89,-84.2
5,"-84.2, 33.92",Friday,2,33.92,-84.2
9,"-84.21, 33.93",Friday,2,33.93,-84.21
19,"-84.21, 33.96",Friday,2,33.96,-84.21
15,"-84.25, 33.94",Friday,2,33.94,-84.25
19,"-84.25, 33.95",Friday,2,33.95,-84.25
13,"-84.26, 33.94",Friday,2,33.94,-84.26
11,"-84.26, 33.95",Friday,2,33.95,-84.26
7,"-84.26, 33.96",Friday,2,33.96,-84.26
5,"-84.27, 33.94",Friday,2,33.94,-84.27
5,"-84.28, 33.9",Friday,2,33.9,-84.28
5,"-84.14, 33.95",Friday,3,33.95,-84.14
6,"-84.16, 33.95",Friday,3,33.95,-84.16
5,"-84.18, 33.92",Friday,3,33.92,-84.18
13,"-84.19, 33.91",Friday,3,33.91,-84.19
9,"-84.21, 33.96",Friday,3,33.96,-84.21
6,"-84.25, 33.94",Friday,3,33.94,-84.25
8,"-84.25, 33.95",Friday,3,33.95,-84.25
12,"-84.26, 33.94",Friday,3,33.94,-84.26
8,"-84.26, 33.95",Friday,3,33.95,-84.26
5,"-84.27, 33.93",Friday,3,33.93,-84.27
5,"-84.28, 33.9",Friday,3,33.9,-84.28
6,"-84.12, 33.91",Friday,4,33.91,-84.12
5,"-84.2, 33.92",Friday,4,33.92,-84.2
8,"-84.21, 33.96",Friday,4,33.96,-84.21
6,"-84.25, 33.94",Friday,4,33.94,-84.25
5,"-84.26, 33.96",Friday,4,33.96,-84.26
7,"-84.14, 34.0",Friday,5,34.0,-84.14
5,"-84.2, 33.92",Friday,5,33.92,-84.2
5,"-84.21, 33.91",Friday,5,33.91,-84.21
5,"-84.21, 33.95",Friday,5,33.95,-84.21
5,"-84.21, 33.96",Friday,5,33.96,-84.21
5,"-84.24, 33.94",Friday,5,33.94,-84.24
5,"-84.22, 33.92",Friday,6,33.92,-84.22
7,"-84.2, 33.92",Friday,7,33.92,-84.2
7,"-84.22, 33.91",Friday,7,33.91,-84.22
6,"-84.18, 33.92",Friday,8,33.92,-84.18
5,"-84.11, 33.96",Friday,9,33.96,-84.11
6,"-84.22, 33.93",Friday,9,33.93,-84.22
8,"-84.22, 33.98",Friday,9,33.98,-84.22
8,"-84.24, 33.95",Friday,9,33.95,-84.24
11,"-84.25, 33.94",Friday,9,33.94,-84.25
7,"-84.15, 33.92",Friday,10,33.92,-84.15
5,"-84.16, 33.93",Friday,10,33.93,-84.16
5,"-84.16, 33.97",Friday,10,33.97,-84.16
5,"-84.18, 33.92",Friday,10,33.92,-84.18
6,"-84.22, 33.93",Friday,10,33.93,-84.22
8,"-84.22, 33.96",Friday,10,33.96,-84.22
5,"-84.22, 33.98",Friday,10,33.98,-84.22
10,"-84.24, 33.95",Friday,10,33.95,-84.24
9,"-84.25, 33.94",Friday,10,33.94,-84.25
5,"-84.25, 33.95",Friday,10,33.95,-84.25
14,"-84.28, 33.9",Friday,10,33.9,-84.28
6,"-84.56, 33.88",Friday,10,33.88,-84.56
9,"-84.06, 33.95",Friday,11,33.95,-84.06
6,"-84.14, 33.96",Friday,11,33.96,-84.14
8,"-84.16, 33.97",Friday,11,33.97,-84.16
15,"-84.18, 33.92",Friday,11,33.92,-84.18
10,"-84.18, 33.96",Friday,11,33.96,-84.18
6,"-84.21, 33.93",Friday,11,33.93,-84.21
9,"-84.21, 33.94",Friday,11,33.94,-84.21
9,"-84.22, 33.92",Friday,11,33.92,-84.22
10,"-84.22, 33.96",Friday,11,33.96,-84.22
5,"-84.23, 33.92",Friday,11,33.92,-84.23
10,"-84.23, 33.94",Friday,11,33.94,-84.23
7,"-84.24, 33.94",Friday,11,33.94,-84.24
14,"-84.24, 33.95",Friday,11,33.95,-84.24
7,"-84.25, 33.94",Friday,11,33.94,-84.25
7,"-84.25, 33.95",Friday,11,33.95,-84.25
5,"-84.26, 33.95",Friday,11,33.95,-84.26
14,"-84.28, 33.9",Friday,11,33.9,-84.28
5,"-84.48, 33.88",Friday,11,33.88,-84.48
9,"-84.15, 34.0",Friday,12,34.0,-84.15
7,"-84.18, 33.96",Friday,12,33.96,-84.18
8,"-84.19, 33.97",Friday,12,33.97,-84.19
7,"-84.21, 33.91",Friday,12,33.91,-84.21
12,"-84.22, 33.92",Friday,12,33.92,-84.22
5,"-84.22, 33.93",Friday,12,33.93,-84.22
5,"-84.22, 33.95",Friday,12,33.95,-84.22
6,"-84.22, 33.96",Friday,12,33.96,-84.22
11,"-84.22, 33.97",Friday,12,33.97,-84.22
11,"-84.23, 33.94",Friday,12,33.94,-84.23
13,"-84.24, 33.94",Friday,12,33.94,-84.24
12,"-84.24, 33.95",Friday,12,33.95,-84.24
14,"-84.25, 33.94",Friday,12,33.94,-84.25
5,"-84.26, 33.95",Friday,12,33.95,-84.26
8,"-84.26, 33.96",Friday,12,33.96,-84.26
14,"-84.28, 33.9",Friday,12,33.9,-84.28
5,"-84.12, 33.94",Friday,13,33.94,-84.12
6,"-84.14, 33.95",Friday,13,33.95,-84.14
5,"-84.16, 34.01",Friday,13,34.01,-84.16
6,"-84.18, 33.92",Friday,13,33.92,-84.18
5,"-84.18, 33.93",Friday,13,33.93,-84.18
6,"-84.19, 33.97",Friday,13,33.97,-84.19
8,"-84.2, 33.89",Friday,13,33.89,-84.2
16,"-84.21, 33.9",Friday,13,33.9,-84.21
6,"-84.21, 33.94",Friday,13,33.94,-84.21
6,"-84.22, 33.91",Friday,13,33.91,-84.22
7,"-84.22, 33.92",Friday,13,33.92,-84.22
6,"-84.22, 33.93",Friday,13,33.93,-84.22
7,"-84.22, 33.97",Friday,13,33.97,-84.22
11,"-84.22, 33.98",Friday,13,33.98,-84.22
7,"-84.23, 33.97",Friday,13,33.97,-84.23
20,"-84.24, 33.95",Friday,13,33.95,-84.24
5,"-84.24, 33.96",Friday,13,33.96,-84.24
30,"-84.25, 33.94",Friday,13,33.94,-84.25
6,"-84.25, 33.95",Friday,13,33.95,-84.25
9,"-84.26, 33.93",Friday,13,33.93,-84.26
9,"-84.26, 33.95",Friday,13,33.95,-84.26
9,"-84.26, 33.96",Friday,13,33.96,-84.26
10,"-84.27, 33.92",Friday,13,33.92,-84.27
10,"-84.28, 33.9",Friday,13,33.9,-84.28
7,"-84.28, 33.94",Friday,13,33.94,-84.28
5,"-84.19, 33.93",Friday,14,33.93,-84.19
8,"-84.19, 33.97",Friday,14,33.97,-84.19
5,"-84.2, 33.96",Friday,14,33.96,-84.2
5,"-84.2, 34.01",Friday,14,34.01,-84.2
5,"-84.21, 33.9",Friday,14,33.9,-84.21
12,"-84.21, 33.94",Friday,14,33.94,-84.21
7,"-84.21, 33.96",Friday,14,33.96,-84.21
8,"-84.22, 33.92",Friday,14,33.92,-84.22
9,"-84.22, 33.93",Friday,14,33.93,-84.22
12,"-84.22, 33.97",Friday,14,33.97,-84.22
12,"-84.22, 33.98",Friday,14,33.98,-84.22
23,"-84.24, 33.95",Friday,14,33.95,-84.24
18,"-84.25, 33.94",Friday,14,33.94,-84.25
13,"-84.25, 33.95",Friday,14,33.95,-84.25
6,"-84.26, 33.94",Friday,14,33.94,-84.26
8,"-84.26, 33.95",Friday,14,33.95,-84.26
17,"-84.26, 33.96",Friday,14,33.96,-84.26
11,"-84.28, 33.9",Friday,14,33.9,-84.28
6,"-84.34, 33.92",Friday,14,33.92,-84.34
5,"-84.13, 33.94",Friday,15,33.94,-84.13
6,"-84.13, 33.96",Friday,15,33.96,-84.13
5,"-84.19, 33.93",Friday,15,33.93,-84.19
7,"-84.2, 33.89",Friday,15,33.89,-84.2
12,"-84.21, 33.9",Friday,15,33.9,-84.21
6,"-84.21, 33.96",Friday,15,33.96,-84.21
11,"-84.22, 33.91",Friday,15,33.91,-84.22
7,"-84.22, 33.92",Friday,15,33.92,-84.22
6,"-84.22, 33.93",Friday,15,33.93,-84.22
6,"-84.22, 33.94",Friday,15,33.94,-84.22
12,"-84.22, 33.97",Friday,15,33.97,-84.22
11,"-84.22, 33.98",Friday,15,33.98,-84.22
5,"-84.23, 33.93",Friday,15,33.93,-84.23
8,"-84.24, 33.94",Friday,15,33.94,-84.24
21,"-84.24, 33.95",Friday,15,33.95,-84.24
6,"-84.25, 33.92",Friday,15,33.92,-84.25
30,"-84.25, 33.94",Friday,15,33.94,-84.25
8,"-84.25, 33.95",Friday,15,33.95,-84.25
6,"-84.26, 33.94",Friday,15,33.94,-84.26
12,"-84.26, 33.95",Friday,15,33.95,-84.26
12,"-84.26, 33.96",Friday,15,33.96,-84.26
5,"-84.27, 33.96",Friday,15,33.96,-84.27
5,"-84.13, 33.94",Friday,16,33.94,-84.13
6,"-84.2, 33.89",Friday,16,33.89,-84.2
9,"-84.21, 33.9",Friday,16,33.9,-84.21
5,"-84.22, 33.93",Friday,16,33.93,-84.22
7,"-84.22, 33.97",Friday,16,33.97,-84.22
8,"-84.23, 33.93",Friday,16,33.93,-84.23
11,"-84.24, 33.94",Friday,16,33.94,-84.24
15,"-84.24, 33.95",Friday,16,33.95,-84.24
5,"-84.25, 33.93",Friday,16,33.93,-84.25
18,"-84.25, 33.94",Friday,16,33.94,-84.25
11,"-84.25, 33.95",Friday,16,33.95,-84.25
14,"-84.26, 33.94",Friday,16,33.94,-84.26
12,"-84.26, 33.95",Friday,16,33.95,-84.26
14,"-84.26, 33.96",Friday,16,33.96,-84.26
5,"-84.27, 33.92",Friday,16,33.92,-84.27
6,"-84.27, 33.93",Friday,16,33.93,-84.27
5,"-84.27, 33.94",Friday,16,33.94,-84.27
13,"-84.28, 33.9",Friday,16,33.9,-84.28
7,"-84.31, 33.89",Friday,16,33.89,-84.31
5,"-84.12, 33.9",Friday,17,33.9,-84.12
5,"-84.2, 33.89",Friday,17,33.89,-84.2
6,"-84.21, 33.9",Friday,17,33.9,-84.21
5,"-84.21, 33.91",Friday,17,33.91,-84.21
6,"-84.21, 33.94",Friday,17,33.94,-84.21
8,"-84.21, 33.96",Friday,17,33.96,-84.21
6,"-84.22, 33.98",Friday,17,33.98,-84.22
14,"-84.23, 33.93",Friday,17,33.93,-84.23
11,"-84.24, 33.94",Friday,17,33.94,-84.24
12,"-84.24, 33.95",Friday,17,33.95,-84.24
27,"-84.25, 33.94",Friday,17,33.94,-84.25
13,"-84.25, 33.95",Friday,17,33.95,-84.25
7,"-84.26, 33.94",Friday,17,33.94,-84.26
7,"-84.26, 33.95",Friday,17,33.95,-84.26
11,"-84.26, 33.96",Friday,17,33.96,-84.26
8,"-84.28, 33.9",Friday,17,33.9,-84.28
6,"-84.53, 33.89",Friday,17,33.89,-84.53
5,"-84.14, 34.02",Friday,18,34.02,-84.14
7,"-84.2, 33.92",Friday,18,33.92,-84.2
10,"-84.21, 33.9",Friday,18,33.9,-84.21
9,"-84.21, 33.91",Friday,18,33.91,-84.21
6,"-84.21, 33.93",Friday,18,33.93,-84.21
9,"-84.21, 33.94",Friday,18,33.94,-84.21
15,"-84.21, 33.96",Friday,18,33.96,-84.21
6,"-84.22, 33.92",Friday,18,33.92,-84.22
6,"-84.22, 33.93",Friday,18,33.93,-84.22
7,"-84.22, 33.98",Friday,18,33.98,-84.22
10,"-84.23, 33.93",Friday,18,33.93,-84.23
8,"-84.24, 33.94",Friday,18,33.94,-84.24
10,"-84.24, 33.95",Friday,18,33.95,-84.24
30,"-84.25, 33.94",Friday,18,33.94,-84.25
11,"-84.25, 33.95",Friday,18,33.95,-84.25
14,"-84.26, 33.94",Friday,18,33.94,-84.26
12,"-84.26, 33.95",Friday,18,33.95,-84.26
9,"-84.26, 33.96",Friday,18,33.96,-84.26
5,"-84.27, 33.96",Friday,18,33.96,-84.27
6,"-84.28, 33.9",Friday,18,33.9,-84.28
7,"-84.28, 33.98",Friday,18,33.98,-84.28
5,"-84.13, 33.94",Friday,19,33.94,-84.13
5,"-84.17, 34.0",Friday,19,34.0,-84.17
9,"-84.18, 33.92",Friday,19,33.92,-84.18
7,"-84.2, 33.93",Friday,19,33.93,-84.2
6,"-84.21, 33.9",Friday,19,33.9,-84.21
9,"-84.21, 33.94",Friday,19,33.94,-84.21
9,"-84.21, 33.96",Friday,19,33.96,-84.21
9,"-84.22, 33.92",Friday,19,33.92,-84.22
5,"-84.22, 33.93",Friday,19,33.93,-84.22
20,"-84.22, 33.97",Friday,19,33.97,-84.22
11,"-84.23, 33.93",Friday,19,33.93,-84.23
9,"-84.24, 33.94",Friday,19,33.94,-84.24
10,"-84.24, 33.95",Friday,19,33.95,-84.24
27,"-84.25, 33.94",Friday,19,33.94,-84.25
13,"-84.25, 33.95",Friday,19,33.95,-84.25
7,"-84.26, 33.94",Friday,19,33.94,-84.26
17,"-84.26, 33.95",Friday,19,33.95,-84.26
7,"-84.26, 33.96",Friday,19,33.96,-84.26
7,"-84.27, 33.94",Friday,19,33.94,-84.27
6,"-84.27, 33.96",Friday,19,33.96,-84.27
6,"-84.28, 33.9",Friday,19,33.9,-84.28
9,"-84.06, 33.94",Friday,20,33.94,-84.06
5,"-84.14, 33.95",Friday,20,33.95,-84.14
5,"-84.17, 33.99",Friday,20,33.99,-84.17
9,"-84.2, 33.92",Friday,20,33.92,-84.2
6,"-84.21, 33.89",Friday,20,33.89,-84.21
8,"-84.21, 33.9",Friday,20,33.9,-84.21
6,"-84.21, 33.94",Friday,20,33.94,-84.21
6,"-84.21, 33.96",Friday,20,33.96,-84.21
12,"-84.22, 33.91",Friday,20,33.91,-84.22
8,"-84.22, 33.92",Friday,20,33.92,-84.22
5,"-84.22, 33.93",Friday,20,33.93,-84.22
5,"-84.22, 33.96",Friday,20,33.96,-84.22
13,"-84.22, 33.97",Friday,20,33.97,-84.22
9,"-84.24, 33.94",Friday,20,33.94,-84.24
13,"-84.24, 33.95",Friday,20,33.95,-84.24
30,"-84.25, 33.94",Friday,20,33.94,-84.25
17,"-84.25, 33.95",Friday,20,33.95,-84.25
6,"-84.26, 33.94",Friday,20,33.94,-84.26
9,"-84.26, 33.95",Friday,20,33.95,-84.26
9,"-84.26, 33.96",Friday,20,33.96,-84.26
8,"-84.14, 33.95",Friday,21,33.95,-84.14
5,"-84.17, 33.99",Friday,21,33.99,-84.17
6,"-84.19, 33.93",Friday,21,33.93,-84.19
9,"-84.2, 33.92",Friday,21,33.92,-84.2
7,"-84.21, 33.9",Friday,21,33.9,-84.21
5,"-84.21, 33.91",Friday,21,33.91,-84.21
7,"-84.21, 33.96",Friday,21,33.96,-84.21
9,"-84.22, 33.91",Friday,21,33.91,-84.22
11,"-84.22, 33.97",Friday,21,33.97,-84.22
5,"-84.23, 33.92",Friday,21,33.92,-84.23
6,"-84.24, 33.94",Friday,21,33.94,-84.24
11,"-84.24, 33.95",Friday,21,33.95,-84.24
7,"-84.25, 33.93",Friday,21,33.93,-84.25
26,"-84.25, 33.94",Friday,21,33.94,-84.25
7,"-84.25, 33.95",Friday,21,33.95,-84.25
10,"-84.26, 33.94",Friday,21,33.94,-84.26
11,"-84.26, 33.95",Friday,21,33.95,-84.26
5,"-84.14, 33.95",Friday,22,33.95,-84.14
6,"-84.15, 33.94",Friday,22,33.94,-84.15
9,"-84.17, 33.99",Friday,22,33.99,-84.17
5,"-84.2, 33.89",Friday,22,33.89,-84.2
5,"-84.2, 33.92",Friday,22,33.92,-84.2
6,"-84.2, 33.94",Friday,22,33.94,-84.2
8,"-84.21, 33.96",Friday,22,33.96,-84.21
5,"-84.22, 33.91",Friday,22,33.91,-84.22
7,"-84.22, 33.97",Friday,22,33.97,-84.22
12,"-84.24, 33.95",Friday,22,33.95,-84.24
32,"-84.25, 33.94",Friday,22,33.94,-84.25
12,"-84.25, 33.95",Friday,22,33.95,-84.25
15,"-84.26, 33.95",Friday,22,33.95,-84.26
6,"-84.27, 33.94",Friday,22,33.94,-84.27
5,"-84.16, 33.96",Friday,23,33.96,-84.16
5,"-84.17, 33.91",Friday,23,33.91,-84.17
6,"-84.18, 33.92",Friday,23,33.92,-84.18
8,"-84.2, 33.92",Friday,23,33.92,-84.2
5,"-84.21, 33.9",Friday,23,33.9,-84.21
16,"-84.21, 33.96",Friday,23,33.96,-84.21
6,"-84.22, 33.92",Friday,23,33.92,-84.22
5,"-84.24, 33.94",Friday,23,33.94,-84.24
11,"-84.24, 33.95",Friday,23,33.95,-84.24
5,"-84.25, 33.93",Friday,23,33.93,-84.25
28,"-84.25, 33.94",Friday,23,33.94,-84.25
10,"-84.25, 33.95",Friday,23,33.95,-84.25
12,"-84.26, 33.94",Friday,23,33.94,-84.26
15,"-84.26, 33.95",Friday,23,33.95,-84.26
5,"-84.28, 33.9",Friday,23,33.9,-84.28
5,"-84.17, 33.91",Monday,0,33.91,-84.17
6,"-84.2, 33.92",Monday,0,33.92,-84.2
5,"-84.21, 33.9",Monday,0,33.9,-84.21
7,"-84.21, 33.94",Monday,0,33.94,-84.21
14,"-84.21, 33.96",Monday,0,33.96,-84.21
6,"-84.21, 33.97",Monday,0,33.97,-84.21
6,"-84.22, 33.92",Monday,0,33.92,-84.22
18,"-84.25, 33.94",Monday,0,33.94,-84.25
5,"-84.25, 33.95",Monday,0,33.95,-84.25
8,"-84.26, 33.94",Monday,0,33.94,-84.26
9,"-84.26, 33.95",Monday,0,33.95,-84.26
6,"-84.16, 33.97",Monday,1,33.97,-84.16
5,"-84.19, 33.94",Monday,1,33.94,-84.19
7,"-84.2, 33.92",Monday,1,33.92,-84.2
6,"-84.21, 33.93",Monday,1,33.93,-84.21
6,"-84.22, 33.92",Monday,1,33.92,-84.22
5,"-84.23, 33.9",Monday,1,33.9,-84.23
15,"-84.25, 33.94",Monday,1,33.94,-84.25
12,"-84.26, 33.95",Monday,1,33.95,-84.26
5,"-84.28, 33.9",Monday,1,33.9,-84.28
8,"-84.21, 33.96",Monday,2,33.96,-84.21
13,"-84.25, 33.94",Monday,2,33.94,-84.25
8,"-84.25, 33.95",Monday,2,33.95,-84.25
7,"-84.26, 33.94",Monday,2,33.94,-84.26
12,"-84.26, 33.95",Monday,2,33.95,-84.26
5,"-84.27, 33.92",Monday,2,33.92,-84.27
5,"-84.28, 33.9",Monday,2,33.9,-84.28
5,"-84.19, 33.91",Monday,3,33.91,-84.19
5,"-84.2, 33.92",Monday,3,33.92,-84.2
8,"-84.21, 33.96",Monday,3,33.96,-84.21
6,"-84.24, 33.94",Monday,3,33.94,-84.24
10,"-84.25, 33.94",Monday,3,33.94,-84.25
6,"-84.26, 33.95",Monday,3,33.95,-84.26
7,"-84.28, 33.9",Monday,3,33.9,-84.28
8,"-84.19, 33.91",Monday,4,33.91,-84.19
5,"-84.22, 33.92",Monday,4,33.92,-84.22
5,"-84.26, 33.96",Monday,4,33.96,-84.26
5,"-84.19, 33.91",Monday,5,33.91,-84.19
5,"-84.21, 33.93",Monday,5,33.93,-84.21
6,"-84.22, 33.92",Monday,7,33.92,-84.22
6,"-84.18, 33.92",Monday,8,33.92,-84.18
5,"-84.23, 33.92",Monday,8,33.92,-84.23
5,"-84.27, 33.93",Monday,8,33.93,-84.27
5,"-84.28, 33.9",Monday,8,33.9,-84.28
5,"-84.24, 33.95",Monday,9,33.95,-84.24
7,"-84.25, 33.94",Monday,9,33.94,-84.25
10,"-84.28, 33.9",Monday,9,33.9,-84.28
5,"-84.53, 33.99",Monday,9,33.99,-84.53
5,"-84.16, 33.97",Monday,10,33.97,-84.16
5,"-84.22, 33.92",Monday,10,33.92,-84.22
5,"-84.22, 33.94",Monday,10,33.94,-84.22
9,"-84.22, 33.96",Monday,10,33.96,-84.22
8,"-84.22, 33.98",Monday,10,33.98,-84.22
7,"-84.24, 33.95",Monday,10,33.95,-84.24
16,"-84.25, 33.94",Monday,10,33.94,-84.25
7,"-84.26, 33.94",Monday,10,33.94,-84.26
20,"-84.28, 33.9",Monday,10,33.9,-84.28
10,"-84.06, 33.95",Monday,11,33.95,-84.06
6,"-84.14, 33.96",Monday,11,33.96,-84.14
6,"-84.16, 33.97",Monday,11,33.97,-84.16
6,"-84.18, 33.92",Monday,11,33.92,-84.18
9,"-84.18, 33.96",Monday,11,33.96,-84.18
5,"-84.19, 34.03",Monday,11,34.03,-84.19
6,"-84.21, 33.94",Monday,11,33.94,-84.21
6,"-84.21, 33.96",Monday,11,33.96,-84.21
5,"-84.22, 33.92",Monday,11,33.92,-84.22
9,"-84.22, 33.96",Monday,11,33.96,-84.22
7,"-84.22, 33.97",Monday,11,33.97,-84.22
10,"-84.23, 33.94",Monday,11,33.94,-84.23
6,"-84.23, 33.96",Monday,11,33.96,-84.23
10,"-84.24, 33.94",Monday,11,33.94,-84.24
11,"-84.24, 33.95",Monday,11,33.95,-84.24
7,"-84.25, 33.91",Monday,11,33.91,-84.25
6,"-84.25, 33.94",Monday,11,33.94,-84.25
5,"-84.25, 33.95",Monday,11,33.95,-84.25
5,"-84.26, 33.96",Monday,11,33.96,-84.26
17,"-84.28, 33.9",Monday,11,33.9,-84.28
9,"-84.14, 33.96",Monday,12,33.96,-84.14
7,"-84.15, 34.0",Monday,12,34.0,-84.15
5,"-84.16, 33.97",Monday,12,33.97,-84.16
8,"-84.18, 33.96",Monday,12,33.96,-84.18
6,"-84.19, 33.97",Monday,12,33.97,-84.19
5,"-84.22, 33.92",Monday,12,33.92,-84.22
5,"-84.22, 33.94",Monday,12,33.94,-84.22
5,"-84.22, 33.95",Monday,12,33.95,-84.22
12,"-84.22, 33.97",Monday,12,33.97,-84.22
9,"-84.24, 33.94",Monday,12,33.94,-84.24
9,"-84.24, 33.95",Monday,12,33.95,-84.24
10,"-84.25, 33.94",Monday,12,33.94,-84.25
7,"-84.26, 33.94",Monday,12,33.94,-84.26
13,"-84.26, 33.96",Monday,12,33.96,-84.26
14,"-84.28, 33.9",Monday,12,33.9,-84.28
7,"-84.19, 33.97",Monday,13,33.97,-84.19
8,"-84.2, 33.89",Monday,13,33.89,-84.2
5,"-84.21, 33.9",Monday,13,33.9,-84.21
10,"-84.21, 33.94",Monday,13,33.94,-84.21
7,"-84.22, 33.91",Monday,13,33.91,-84.22
10,"-84.22, 33.92",Monday,13,33.92,-84.22
5,"-84.22, 33.93",Monday,13,33.93,-84.22
6,"-84.22, 33.96",Monday,13,33.96,-84.22
12,"-84.22, 33.97",Monday,13,33.97,-84.22
5,"-84.22, 33.98",Monday,13,33.98,-84.22
5,"-84.23, 33.94",Monday,13,33.94,-84.23
6,"-84.24, 33.94",Monday,13,33.94,-84.24
21,"-84.24, 33.95",Monday,13,33.95,-84.24
20,"-84.25, 33.94",Monday,13,33.94,-84.25
11,"-84.25, 33.95",Monday,13,33.95,-84.25
5,"-84.26, 33.95",Monday,13,33.95,-84.26
10,"-84.26, 33.96",Monday,13,33.96,-84.26
8,"-84.27, 33.92",Monday,13,33.92,-84.27
5,"-84.27, 33.93",Monday,13,33.93,-84.27
7,"-84.19, 33.97",Monday,14,33.97,-84.19
6,"-84.21, 33.9",Monday,14,33.9,-84.21
8,"-84.21, 33.93",Monday,14,33.93,-84.21
8,"-84.21, 33.94",Monday,14,33.94,-84.21
8,"-84.21, 33.96",Monday,14,33.96,-84.21
6,"-84.22, 33.91",Monday,14,33.91,-84.22
6,"-84.22, 33.92",Monday,14,33.92,-84.22
8,"-84.22, 33.93",Monday,14,33.93,-84.22
16,"-84.22, 33.97",Monday,14,33.97,-84.22
5,"-84.22, 33.98",Monday,14,33.98,-84.22
6,"-84.23, 33.93",Monday,14,33.93,-84.23
11,"-84.24, 33.94",Monday,14,33.94,-84.24
19,"-84.24, 33.95",Monday,14,33.95,-84.24
16,"-84.25, 33.94",Monday,14,33.94,-84.25
5,"-84.26, 33.94",Monday,14,33.94,-84.26
5,"-84.26, 33.95",Monday,14,33.95,-84.26
13,"-84.26, 33.96",Monday,14,33.96,-84.26
8,"-84.27, 33.92",Monday,14,33.92,-84.27
6,"-84.27, 33.93",Monday,14,33.93,-84.27
8,"-84.28, 33.9",Monday,14,33.9,-84.28
6,"-84.17, 34.06",Monday,15,34.06,-84.17
6,"-84.2, 33.89",Monday,15,33.89,-84.2
5,"-84.21, 33.9",Monday,15,33.9,-84.21
6,"-84.21, 33.93",Monday,15,33.93,-84.21
9,"-84.21, 33.96",Monday,15,33.96,-84.21
8,"-84.22, 33.91",Monday,15,33.91,-84.22
20,"-84.22, 33.97",Monday,15,33.97,-84.22
6,"-84.22, 33.98",Monday,15,33.98,-84.22
6,"-84.24, 33.94",Monday,15,33.94,-84.24
11,"-84.24, 33.95",Monday,15,33.95,-84.24
18,"-84.25, 33.94",Monday,15,33.94,-84.25
7,"-84.25, 33.95",Monday,15,33.95,-84.25
5,"-84.26, 33.93",Monday,15,33.93,-84.26
8,"-84.26, 33.94",Monday,15,33.94,-84.26
6,"-84.26, 33.95",Monday,15,33.95,-84.26
8,"-84.26, 33.96",Monday,15,33.96,-84.26
12,"-84.28, 33.9",Monday,15,33.9,-84.28
5,"-84.19, 33.93",Monday,16,33.93,-84.19
8,"-84.2, 33.92",Monday,16,33.92,-84.2
7,"-84.21, 33.91",Monday,16,33.91,-84.21
7,"-84.22, 33.91",Monday,16,33.91,-84.22
7,"-84.22, 33.93",Monday,16,33.93,-84.22
5,"-84.23, 33.92",Monday,16,33.92,-84.23
8,"-84.23, 33.93",Monday,16,33.93,-84.23
14,"-84.24, 33.95",Monday,16,33.95,-84.24
13,"-84.25, 33.94",Monday,16,33.94,-84.25
7,"-84.26, 33.95",Monday,16,33.95,-84.26
14,"-84.26, 33.96",Monday,16,33.96,-84.26
5,"-84.28, 33.9",Monday,16,33.9,-84.28
6,"-84.54, 33.89",Monday,16,33.89,-84.54
7,"-84.2, 33.92",Monday,17,33.92,-84.2
8,"-84.21, 33.9",Monday,17,33.9,-84.21
9,"-84.21, 33.96",Monday,17,33.96,-84.21
7,"-84.23, 33.93",Monday,17,33.93,-84.23
12,"-84.24, 33.95",Monday,17,33.95,-84.24
34,"-84.25, 33.94",Monday,17,33.94,-84.25
9,"-84.25, 33.95",Monday,17,33.95,-84.25
12,"-84.26, 33.94",Monday,17,33.94,-84.26
8,"-84.26, 33.95",Monday,17,33.95,-84.26
8,"-84.26, 33.96",Monday,17,33.96,-84.26
5,"-84.27, 33.93",Monday,17,33.93,-84.27
7,"-84.28, 33.9",Monday,17,33.9,-84.28
5,"-84.12, 33.9",Monday,18,33.9,-84.12
6,"-84.14, 34.02",Monday,18,34.02,-84.14
7,"-84.15, 33.95",Monday,18,33.95,-84.15
5,"-84.15, 33.96",Monday,18,33.96,-84.15
5,"-84.2, 33.89",Monday,18,33.89,-84.2
5,"-84.21, 33.92",Monday,18,33.92,-84.21
8,"-84.21, 33.94",Monday,18,33.94,-84.21
11,"-84.21, 33.96",Monday,18,33.96,-84.21
5,"-84.22, 33.92",Monday,18,33.92,-84.22
5,"-84.22, 33.93",Monday,18,33.93,-84.22
6,"-84.22, 33.96",Monday,18,33.96,-84.22
6,"-84.22, 33.97",Monday,18,33.97,-84.22
5,"-84.23, 33.92",Monday,18,33.92,-84.23
11,"-84.24, 33.94",Monday,18,33.94,-84.24
11,"-84.24, 33.95",Monday,18,33.95,-84.24
29,"-84.25, 33.94",Monday,18,33.94,-84.25
17,"-84.25, 33.95",Monday,18,33.95,-84.25
7,"-84.26, 33.94",Monday,18,33.94,-84.26
10,"-84.26, 33.95",Monday,18,33.95,-84.26
8,"-84.26, 33.96",Monday,18,33.96,-84.26
7,"-84.28, 33.9",Monday,18,33.9,-84.28
5,"-84.14, 33.95",Monday,19,33.95,-84.14
5,"-84.14, 34.02",Monday,19,34.02,-84.14
5,"-84.17, 33.99",Monday,19,33.99,-84.17
6,"-84.17, 34.0",Monday,19,34.0,-84.17
5,"-84.2, 33.92",Monday,19,33.92,-84.2
6,"-84.21, 33.9",Monday,19,33.9,-84.21
5,"-84.21, 33.91",Monday,19,33.91,-84.21
7,"-84.21, 33.94",Monday,19,33.94,-84.21
16,"-84.21, 33.96",Monday,19,33.96,-84.21
11,"-84.22, 33.91",Monday,19,33.91,-84.22
8,"-84.22, 33.93",Monday,19,33.93,-84.22
5,"-84.22, 33.96",Monday,19,33.96,-84.22
5,"-84.23, 33.93",Monday,19,33.93,-84.23
6,"-84.24, 33.94",Monday,19,33.94,-84.24
13,"-84.24, 33.95",Monday,19,33.95,-84.24
38,"-84.25, 33.94",Monday,19,33.94,-84.25
16,"-84.25, 33.95",Monday,19,33.95,-84.25
19,"-84.26, 33.94",Monday,19,33.94,-84.26
15,"-84.26, 33.95",Monday,19,33.95,-84.26
5,"-84.26, 33.96",Monday,19,33.96,-84.26
8,"-84.14, 33.95",Monday,20,33.95,-84.14
6,"-84.15, 33.95",Monday,20,33.95,-84.15
8,"-84.15, 33.99",Monday,20,33.99,-84.15
7,"-84.17, 33.99",Monday,20,33.99,-84.17
8,"-84.18, 33.92",Monday,20,33.92,-84.18
6,"-84.2, 33.92",Monday,20,33.92,-84.2
5,"-84.2, 33.94",Monday,20,33.94,-84.2
5,"-84.2, 33.95",Monday,20,33.95,-84.2
11,"-84.21, 33.9",Monday,20,33.9,-84.21
6,"-84.21, 33.91",Monday,20,33.91,-84.21
6,"-84.21, 33.93",Monday,20,33.93,-84.21
9,"-84.21, 33.94",Monday,20,33.94,-84.21
5,"-84.21, 33.95",Monday,20,33.95,-84.21
5,"-84.21, 33.96",Monday,20,33.96,-84.21
14,"-84.22, 33.91",Monday,20,33.91,-84.22
7,"-84.22, 33.92",Monday,20,33.92,-84.22
8,"-84.22, 33.93",Monday,20,33.93,-84.22
5,"-84.23, 33.92",Monday,20,33.92,-84.23
8,"-84.23, 33.93",Monday,20,33.93,-84.23
7,"-84.24, 33.94",Monday,20,33.94,-84.24
7,"-84.24, 33.95",Monday,20,33.95,-84.24
27,"-84.25, 33.94",Monday,20,33.94,-84.25
12,"-84.25, 33.95",Monday,20,33.95,-84.25
16,"-84.26, 33.94",Monday,20,33.94,-84.26
12,"-84.26, 33.95",Monday,20,33.95,-84.26
8,"-84.26, 33.96",Monday,20,33.96,-84.26
9,"-84.27, 33.93",Monday,20,33.93,-84.27
5,"-84.15, 33.96",Monday,21,33.96,-84.15
5,"-84.16, 33.97",Monday,21,33.97,-84.16
12,"-84.2, 33.92",Monday,21,33.92,-84.2
5,"-84.2, 33.93",Monday,21,33.93,-84.2
5,"-84.2, 33.95",Monday,21,33.95,-84.2
12,"-84.21, 33.9",Monday,21,33.9,-84.21
5,"-84.21, 33.93",Monday,21,33.93,-84.21
12,"-84.21, 33.96",Monday,21,33.96,-84.21
5,"-84.22, 33.89",Monday,21,33.89,-84.22
5,"-84.22, 33.91",Monday,21,33.91,-84.22
7,"-84.22, 33.92",Monday,21,33.92,-84.22
7,"-84.22, 33.93",Monday,21,33.93,-84.22
8,"-84.24, 33.94",Monday,21,33.94,-84.24
8,"-84.24, 33.95",Monday,21,33.95,-84.24
29,"-84.25, 33.94",Monday,21,33.94,-84.25
7,"-84.25, 33.95",Monday,21,33.95,-84.25
8,"-84.26, 33.94",Monday,21,33.94,-84.26
15,"-84.26, 33.95",Monday,21,33.95,-84.26
8,"-84.26, 33.96",Monday,21,33.96,-84.26
5,"-84.27, 33.92",Monday,21,33.92,-84.27
5,"-84.27, 33.93",Monday,21,33.93,-84.27
5,"-84.16, 33.95",Monday,22,33.95,-84.16
14,"-84.17, 33.99",Monday,22,33.99,-84.17
8,"-84.2, 33.92",Monday,22,33.92,-84.2
6,"-84.2, 33.93",Monday,22,33.93,-84.2
7,"-84.21, 33.9",Monday,22,33.9,-84.21
7,"-84.21, 33.93",Monday,22,33.93,-84.21
13,"-84.21, 33.96",Monday,22,33.96,-84.21
11,"-84.22, 33.91",Monday,22,33.91,-84.22
7,"-84.22, 33.93",Monday,22,33.93,-84.22
9,"-84.24, 33.95",Monday,22,33.95,-84.24
24,"-84.25, 33.94",Monday,22,33.94,-84.25
12,"-84.25, 33.95",Monday,22,33.95,-84.25
9,"-84.26, 33.94",Monday,22,33.94,-84.26
12,"-84.26, 33.95",Monday,22,33.95,-84.26
5,"-84.26, 33.96",Monday,22,33.96,-84.26
6,"-84.17, 33.91",Monday,23,33.91,-84.17
5,"-84.17, 33.99",Monday,23,33.99,-84.17
14,"-84.21, 33.96",Monday,23,33.96,-84.21
5,"-84.22, 33.92",Monday,23,33.92,-84.22
5,"-84.22, 33.93",Monday,23,33.93,-84.22
8,"-84.23, 33.94",Monday,23,33.94,-84.23
11,"-84.24, 33.95",Monday,23,33.95,-84.24
22,"-84.25, 33.94",Monday,23,33.94,-84.25
12,"-84.25, 33.95",Monday,23,33.95,-84.25
6,"-84.26, 33.94",Monday,23,33.94,-84.26
16,"-84.26, 33.95",Monday,23,33.95,-84.26
6,"-84.26, 33.96",Monday,23,33.96,-84.26
6,"-84.27, 33.93",Monday,23,33.93,-84.27
5,"-84.13, 33.93",Saturday,0,33.93,-84.13
9,"-84.18, 33.92",Saturday,0,33.92,-84.18
9,"-84.2, 33.92",Saturday,0,33.92,-84.2
5,"-84.21, 33.9",Saturday,0,33.9,-84.21
9,"-84.21, 33.91",Saturday,0,33.91,-84.21
9,"-84.21, 33.94",Saturday,0,33.94,-84.21
19,"-84.21, 33.96",Saturday,0,33.96,-84.21
13,"-84.22, 33.92",Saturday,0,33.92,-84.22
6,"-84.23, 33.94",Saturday,0,33.94,-84.23
5,"-84.24, 33.92",Saturday,0,33.92,-84.24
8,"-84.24, 33.94",Saturday,0,33.94,-84.24
5,"-84.24, 33.95",Saturday,0,33.95,-84.24
30,"-84.25, 33.94",Saturday,0,33.94,-84.25
10,"-84.25, 33.95",Saturday,0,33.95,-84.25
8,"-84.26, 33.94",Saturday,0,33.94,-84.26
14,"-84.26, 33.95",Saturday,0,33.95,-84.26
7,"-84.27, 33.92",Saturday,0,33.92,-84.27
9,"-84.28, 33.9",Saturday,0,33.9,-84.28
5,"-84.18, 33.91",Saturday,1,33.91,-84.18
9,"-84.18, 33.92",Saturday,1,33.92,-84.18
6,"-84.2, 33.92",Saturday,1,33.92,-84.2
6,"-84.21, 33.93",Saturday,1,33.93,-84.21
14,"-84.21, 33.96",Saturday,1,33.96,-84.21
5,"-84.22, 33.92",Saturday,1,33.92,-84.22
6,"-84.22, 33.93",Saturday,1,33.93,-84.22
5,"-84.23, 33.93",Saturday,1,33.93,-84.23
6,"-84.23, 33.94",Saturday,1,33.94,-84.23
7,"-84.24, 33.94",Saturday,1,33.94,-84.24
14,"-84.25, 33.94",Saturday,1,33.94,-84.25
14,"-84.25, 33.95",Saturday,1,33.95,-84.25
6,"-84.26, 33.94",Saturday,1,33.94,-84.26
9,"-84.26, 33.95",Saturday,1,33.95,-84.26
6,"-84.27, 33.92",Saturday,1,33.92,-84.27
8,"-84.28, 33.9",Saturday,1,33.9,-84.28
9,"-84.21, 33.9",Saturday,2,33.9,-84.21
6,"-84.21, 33.95",Saturday,2,33.95,-84.21
24,"-84.21, 33.96",Saturday,2,33.96,-84.21
7,"-84.22, 33.92",Saturday,2,33.92,-84.22
5,"-84.22, 33.93",Saturday,2,33.93,-84.22
7,"-84.22, 33.96",Saturday,2,33.96,-84.22
5,"-84.23, 33.88",Saturday,2,33.88,-84.23
11,"-84.25, 33.94",Saturday,2,33.94,-84.25
20,"-84.25, 33.95",Saturday,2,33.95,-84.25
9,"-84.26, 33.94",Saturday,2,33.94,-84.26
15,"-84.26, 33.95",Saturday,2,33.95,-84.26
7,"-84.27, 33.93",Saturday,2,33.93,-84.27
5,"-84.15, 33.95",Saturday,3,33.95,-84.15
6,"-84.16, 33.95",Saturday,3,33.95,-84.16
7,"-84.19, 33.91",Saturday,3,33.91,-84.19
6,"-84.2, 33.92",Saturday,3,33.92,-84.2
5,"-84.21, 33.9",Saturday,3,33.9,-84.21
6,"-84.21, 33.91",Saturday,3,33.91,-84.21
5,"-84.21, 33.96",Saturday,3,33.96,-84.21
8,"-84.22, 33.92",Saturday,3,33.92,-84.22
13,"-84.25, 33.94",Saturday,3,33.94,-84.25
13,"-84.25, 33.95",Saturday,3,33.95,-84.25
11,"-84.26, 33.94",Saturday,3,33.94,-84.26
5,"-84.26, 33.95",Saturday,3,33.95,-84.26
5,"-84.12, 33.94",Saturday,4,33.94,-84.12
9,"-84.19, 33.91",Saturday,4,33.91,-84.19
13,"-84.21, 33.96",Saturday,4,33.96,-84.21
5,"-84.22, 33.92",Saturday,4,33.92,-84.22
6,"-84.25, 33.94",Saturday,4,33.94,-84.25
6,"-84.26, 33.95",Saturday,4,33.95,-84.26
12,"-84.18, 33.96",Saturday,5,33.96,-84.18
5,"-84.21, 33.9",Saturday,5,33.9,-84.21
7,"-84.21, 33.91",Saturday,5,33.91,-84.21
5,"-84.21, 33.95",Saturday,5,33.95,-84.21
6,"-84.21, 33.96",Saturday,5,33.96,-84.21
9,"-84.25, 33.94",Saturday,5,33.94,-84.25
7,"-84.26, 33.94",Saturday,5,33.94,-84.26
7,"-84.25, 33.94",Saturday,6,33.94,-84.25
5,"-84.21, 33.91",Saturday,7,33.91,-84.21
5,"-84.25, 33.94",Saturday,7,33.94,-84.25
7,"-84.13, 33.96",Saturday,9,33.96,-84.13
7,"-84.16, 33.97",Saturday,9,33.97,-84.16
6,"-84.22, 33.98",Saturday,9,33.98,-84.22
5,"-84.25, 33.94",Saturday,9,33.94,-84.25
9,"-84.28, 33.9",Saturday,9,33.9,-84.28
5,"-84.28, 33.94",Saturday,9,33.94,-84.28
6,"-84.13, 33.96",Saturday,10,33.96,-84.13
7,"-84.16, 33.97",Saturday,10,33.97,-84.16
9,"-84.22, 33.92",Saturday,10,33.92,-84.22
9,"-84.22, 33.98",Saturday,10,33.98,-84.22
16,"-84.28, 33.9",Saturday,10,33.9,-84.28
8,"-84.13, 33.96",Saturday,11,33.96,-84.13
5,"-84.14, 33.96",Saturday,11,33.96,-84.14
8,"-84.16, 33.97",Saturday,11,33.97,-84.16
6,"-84.18, 33.92",Saturday,11,33.92,-84.18
8,"-84.18, 33.96",Saturday,11,33.96,-84.18
5,"-84.2, 33.96",Saturday,11,33.96,-84.2
8,"-84.21, 33.9",Saturday,11,33.9,-84.21
7,"-84.21, 33.94",Saturday,11,33.94,-84.21
11,"-84.22, 33.92",Saturday,11,33.92,-84.22
6,"-84.22, 33.96",Saturday,11,33.96,-84.22
13,"-84.22, 33.97",Saturday,11,33.97,-84.22
8,"-84.22, 33.98",Saturday,11,33.98,-84.22
5,"-84.23, 33.93",Saturday,11,33.93,-84.23
8,"-84.23, 33.94",Saturday,11,33.94,-84.23
6,"-84.26, 33.93",Saturday,11,33.93,-84.26
14,"-84.28, 33.9",Saturday,11,33.9,-84.28
5,"-84.28, 33.94",Saturday,11,33.94,-84.28
5,"-84.15, 34.0",Saturday,12,34.0,-84.15
5,"-84.18, 33.93",Saturday,12,33.93,-84.18
6,"-84.18, 33.96",Saturday,12,33.96,-84.18
5,"-84.19, 34.01",Saturday,12,34.01,-84.19
5,"-84.21, 33.9",Saturday,12,33.9,-84.21
7,"-84.21, 33.93",Saturday,12,33.93,-84.21
6,"-84.21, 33.94",Saturday,12,33.94,-84.21
5,"-84.22, 33.92",Saturday,12,33.92,-84.22
11,"-84.22, 33.97",Saturday,12,33.97,-84.22
7,"-84.22, 33.98",Saturday,12,33.98,-84.22
7,"-84.23, 33.94",Saturday,12,33.94,-84.23
7,"-84.24, 33.94",Saturday,12,33.94,-84.24
13,"-84.24, 33.95",Saturday,12,33.95,-84.24
13,"-84.25, 33.94",Saturday,12,33.94,-84.25
6,"-84.26, 33.93",Saturday,12,33.93,-84.26
6,"-84.26, 33.96",Saturday,12,33.96,-84.26
10,"-84.28, 33.9",Saturday,12,33.9,-84.28
6,"-84.14, 33.95",Saturday,13,33.95,-84.14
5,"-84.15, 33.95",Saturday,13,33.95,-84.15
6,"-84.16, 34.01",Saturday,13,34.01,-84.16
7,"-84.17, 33.99",Saturday,13,33.99,-84.17
5,"-84.21, 33.9",Saturday,13,33.9,-84.21
5,"-84.21, 33.91",Saturday,13,33.91,-84.21
7,"-84.21, 33.93",Saturday,13,33.93,-84.21
7,"-84.22, 33.92",Saturday,13,33.92,-84.22
12,"-84.22, 33.97",Saturday,13,33.97,-84.22
7,"-84.22, 33.98",Saturday,13,33.98,-84.22
6,"-84.23, 33.93",Saturday,13,33.93,-84.23
16,"-84.24, 33.95",Saturday,13,33.95,-84.24
13,"-84.25, 33.94",Saturday,13,33.94,-84.25
7,"-84.26, 33.94",Saturday,13,33.94,-84.26
7,"-84.26, 33.96",Saturday,13,33.96,-84.26
15,"-84.27, 33.92",Saturday,13,33.92,-84.27
6,"-84.27, 33.93",Saturday,13,33.93,-84.27
6,"-84.28, 33.9",Saturday,13,33.9,-84.28
7,"-84.54, 33.87",Saturday,13,33.87,-84.54
5,"-84.2, 33.89",Saturday,14,33.89,-84.2
5,"-84.21, 33.9",Saturday,14,33.9,-84.21
6,"-84.21, 33.94",Saturday,14,33.94,-84.21
9,"-84.21, 33.96",Saturday,14,33.96,-84.21
9,"-84.22, 33.97",Saturday,14,33.97,-84.22
11,"-84.22, 33.98",Saturday,14,33.98,-84.22
17,"-84.23, 33.93",Saturday,14,33.93,-84.23
7,"-84.24, 33.94",Saturday,14,33.94,-84.24
11,"-84.24, 33.95",Saturday,14,33.95,-84.24
16,"-84.25, 33.94",Saturday,14,33.94,-84.25
9,"-84.25, 33.95",Saturday,14,33.95,-84.25
8,"-84.26, 33.95",Saturday,14,33.95,-84.26
14,"-84.26, 33.96",Saturday,14,33.96,-84.26
6,"-84.27, 33.92",Saturday,14,33.92,-84.27
19,"-84.27, 33.93",Saturday,14,33.93,-84.27
8,"-84.28, 33.9",Saturday,14,33.9,-84.28
5,"-84.17, 34.06",Saturday,15,34.06,-84.17
5,"-84.18, 33.92",Saturday,15,33.92,-84.18
7,"-84.18, 33.93",Saturday,15,33.93,-84.18
6,"-84.21, 33.9",Saturday,15,33.9,-84.21
11,"-84.21, 33.96",Saturday,15,33.96,-84.21
6,"-84.22, 33.92",Saturday,15,33.92,-84.22
9,"-84.22, 33.97",Saturday,15,33.97,-84.22
15,"-84.22, 33.98",Saturday,15,33.98,-84.22
13,"-84.24, 33.94",Saturday,15,33.94,-84.24
20,"-84.24, 33.95",Saturday,15,33.95,-84.24
22,"-84.25, 33.94",Saturday,15,33.94,-84.25
12,"-84.25, 33.95",Saturday,15,33.95,-84.25
7,"-84.26, 33.94",Saturday,15,33.94,-84.26
18,"-84.26, 33.95",Saturday,15,33.95,-84.26
10,"-84.26, 33.96",Saturday,15,33.96,-84.26
6,"-84.27, 33.93",Saturday,15,33.93,-84.27
6,"-84.31, 33.89",Saturday,15,33.89,-84.31
5,"-84.2, 33.92",Saturday,16,33.92,-84.2
8,"-84.21, 33.9",Saturday,16,33.9,-84.21
9,"-84.21, 33.94",Saturday,16,33.94,-84.21
10,"-84.21, 33.96",Saturday,16,33.96,-84.21
7,"-84.22, 33.97",Saturday,16,33.97,-84.22
5,"-84.24, 33.92",Saturday,16,33.92,-84.24
7,"-84.24, 33.94",Saturday,16,33.94,-84.24
13,"-84.24, 33.95",Saturday,16,33.95,-84.24
25,"-84.25, 33.94",Saturday,16,33.94,-84.25
11,"-84.25, 33.95",Saturday,16,33.95,-84.25
10,"-84.26, 33.94",Saturday,16,33.94,-84.26
12,"-84.26, 33.95",Saturday,16,33.95,-84.26
8,"-84.26, 33.96",Saturday,16,33.96,-84.26
11,"-84.27, 33.93",Saturday,16,33.93,-84.27
7,"-84.28, 33.9",Saturday,16,33.9,-84.28
5,"-84.48, 33.89",Saturday,16,33.89,-84.48
5,"-84.13, 33.96",Saturday,17,33.96,-84.13
5,"-84.14, 33.95",Saturday,17,33.95,-84.14
5,"-84.18, 33.92",Saturday,17,33.92,-84.18
5,"-84.2, 33.89",Saturday,17,33.89,-84.2
6,"-84.21, 33.9",Saturday,17,33.9,-84.21
5,"-84.21, 33.93",Saturday,17,33.93,-84.21
6,"-84.21, 33.94",Saturday,17,33.94,-84.21
5,"-84.21, 33.96",Saturday,17,33.96,-84.21
12,"-84.22, 33.97",Saturday,17,33.97,-84.22
6,"-84.23, 33.93",Saturday,17,33.93,-84.23
8,"-84.24, 33.94",Saturday,17,33.94,-84.24
19,"-84.24, 33.95",Saturday,17,33.95,-84.24
26,"-84.25, 33.94",Saturday,17,33.94,-84.25
14,"-84.26, 33.94",Saturday,17,33.94,-84.26
16,"-84.26, 33.95",Saturday,17,33.95,-84.26
15,"-84.26, 33.96",Saturday,17,33.96,-84.26
6,"-84.28, 33.9",Saturday,17,33.9,-84.28
9,"-84.15, 33.99",Saturday,18,33.99,-84.15
5,"-84.16, 33.97",Saturday,18,33.97,-84.16
5,"-84.17, 34.01",Saturday,18,34.01,-84.17
6,"-84.2, 33.89",Saturday,18,33.89,-84.2
6,"-84.2, 33.92",Saturday,18,33.92,-84.2
10,"-84.21, 33.9",Saturday,18,33.9,-84.21
5,"-84.21, 33.91",Saturday,18,33.91,-84.21
6,"-84.21, 33.94",Saturday,18,33.94,-84.21
7,"-84.21, 33.96",Saturday,18,33.96,-84.21
5,"-84.23, 33.93",Saturday,18,33.93,-84.23
12,"-84.24, 33.95",Saturday,18,33.95,-84.24
27,"-84.25, 33.94",Saturday,18,33.94,-84.25
12,"-84.25, 33.95",Saturday,18,33.95,-84.25
18,"-84.26, 33.94",Saturday,18,33.94,-84.26
22,"-84.26, 33.95",Saturday,18,33.95,-84.26
10,"-84.26, 33.96",Saturday,18,33.96,-84.26
5,"-84.27, 33.93",Saturday,18,33.93,-84.27
6,"-84.28, 33.9",Saturday,18,33.9,-84.28
6,"-84.13, 33.94",Saturday,19,33.94,-84.13
6,"-84.16, 33.97",Saturday,19,33.97,-84.16
5,"-84.18, 33.92",Saturday,19,33.92,-84.18
5,"-84.19, 33.93",Saturday,19,33.93,-84.19
5,"-84.2, 33.92",Saturday,19,33.92,-84.2
5,"-84.2, 33.96",Saturday,19,33.96,-84.2
5,"-84.2, 34.02",Saturday,19,34.02,-84.2
5,"-84.21, 33.9",Saturday,19,33.9,-84.21
5,"-84.21, 33.93",Saturday,19,33.93,-84.21
9,"-84.21, 33.96",Saturday,19,33.96,-84.21
16,"-84.22, 33.97",Saturday,19,33.97,-84.22
7,"-84.23, 33.93",Saturday,19,33.93,-84.23
7,"-84.24, 33.94",Saturday,19,33.94,-84.24
19,"-84.24, 33.95",Saturday,19,33.95,-84.24
32,"-84.25, 33.94",Saturday,19,33.94,-84.25
18,"-84.25, 33.95",Saturday,19,33.95,-84.25
22,"-84.26, 33.94",Saturday,19,33.94,-84.26
17,"-84.26, 33.95",Saturday,19,33.95,-84.26
10,"-84.26, 33.96",Saturday,19,33.96,-84.26
6,"-84.27, 33.93",Saturday,19,33.93,-84.27
7,"-84.13, 33.9",Saturday,20,33.9,-84.13
6,"-84.13, 33.94",Saturday,20,33.94,-84.13
5,"-84.13, 33.95",Saturday,20,33.95,-84.13
6,"-84.14, 33.95",Saturday,20,33.95,-84.14
5,"-84.15, 33.97",Saturday,20,33.97,-84.15
6,"-84.15, 33.99",Saturday,20,33.99,-84.15
5,"-84.16, 33.97",Saturday,20,33.97,-84.16
6,"-84.17, 33.91",Saturday,20,33.91,-84.17
10,"-84.2, 33.92",Saturday,20,33.92,-84.2
7,"-84.21, 33.9",Saturday,20,33.9,-84.21
6,"-84.22, 33.92",Saturday,20,33.92,-84.22
10,"-84.22, 33.97",Saturday,20,33.97,-84.22
7,"-84.24, 33.94",Saturday,20,33.94,-84.24
5,"-84.24, 33.95",Saturday,20,33.95,-84.24
31,"-84.25, 33.94",Saturday,20,33.94,-84.25
6,"-84.25, 33.95",Saturday,20,33.95,-84.25
5,"-84.26, 33.94",Saturday,20,33.94,-84.26
15,"-84.26, 33.95",Saturday,20,33.95,-84.26
8,"-84.26, 33.96",Saturday,20,33.96,-84.26
7,"-84.27, 33.92",Saturday,20,33.92,-84.27
6,"-84.28, 33.9",Saturday,20,33.9,-84.28
9,"-84.14, 33.95",Saturday,21,33.95,-84.14
5,"-84.15, 33.99",Saturday,21,33.99,-84.15
7,"-84.2, 33.89",Saturday,21,33.89,-84.2
6,"-84.21, 33.89",Saturday,21,33.89,-84.21
12,"-84.21, 33.9",Saturday,21,33.9,-84.21
6,"-84.22, 33.93",Saturday,21,33.93,-84.22
5,"-84.22, 33.96",Saturday,21,33.96,-84.22
8,"-84.22, 33.97",Saturday,21,33.97,-84.22
14,"-84.24, 33.94",Saturday,21,33.94,-84.24
12,"-84.24, 33.95",Saturday,21,33.95,-84.24
29,"-84.25, 33.94",Saturday,21,33.94,-84.25
23,"-84.25, 33.95",Saturday,21,33.95,-84.25
6,"-84.26, 33.94",Saturday,21,33.94,-84.26
11,"-84.26, 33.95",Saturday,21,33.95,-84.26
10,"-84.26, 33.96",Saturday,21,33.96,-84.26
5,"-84.27, 33.92",Saturday,21,33.92,-84.27
5,"-84.27, 33.93",Saturday,21,33.93,-84.27
7,"-84.27, 33.94",Saturday,21,33.94,-84.27
5,"-84.28, 33.9",Saturday,21,33.9,-84.28
5,"-84.28, 33.92",Saturday,21,33.92,-84.28
7,"-84.18, 33.91",Saturday,22,33.91,-84.18
6,"-84.18, 33.93",Saturday,22,33.93,-84.18
5,"-84.18, 33.96",Saturday,22,33.96,-84.18
5,"-84.19, 33.93",Saturday,22,33.93,-84.19
10,"-84.2, 33.92",Saturday,22,33.92,-84.2
5,"-84.2, 33.93",Saturday,22,33.93,-84.2
9,"-84.21, 33.9",Saturday,22,33.9,-84.21
6,"-84.21, 33.93",Saturday,22,33.93,-84.21
5,"-84.21, 33.94",Saturday,22,33.94,-84.21
7,"-84.21, 33.96",Saturday,22,33.96,-84.21
5,"-84.21, 33.97",Saturday,22,33.97,-84.21
6,"-84.22, 33.92",Saturday,22,33.92,-84.22
8,"-84.22, 33.97",Saturday,22,33.97,-84.22
5,"-84.24, 33.92",Saturday,22,33.92,-84.24
5,"-84.24, 33.94",Saturday,22,33.94,-84.24
15,"-84.24, 33.95",Saturday,22,33.95,-84.24
24,"-84.25, 33.94",Saturday,22,33.94,-84.25
17,"-84.25, 33.95",Saturday,22,33.95,-84.25
10,"-84.26, 33.95",Saturday,22,33.95,-84.26
11,"-84.26, 33.96",Saturday,22,33.96,-84.26
5,"-84.27, 33.92",Saturday,22,33.92,-84.27
5,"-84.27, 33.94",Saturday,22,33.94,-84.27
7,"-84.16, 33.95",Saturday,23,33.95,-84.16
5,"-84.17, 33.91",Saturday,23,33.91,-84.17
8,"-84.18, 33.92",Saturday,23,33.92,-84.18
13,"-84.2, 33.92",Saturday,23,33.92,-84.2
5,"-84.21, 33.9",Saturday,23,33.9,-84.21
6,"-84.21, 33.91",Saturday,23,33.91,-84.21
6,"-84.21, 33.93",Saturday,23,33.93,-84.21
19,"-84.21, 33.96",Saturday,23,33.96,-84.21
6,"-84.21, 33.97",Saturday,23,33.97,-84.21
8,"-84.24, 33.95",Saturday,23,33.95,-84.24
29,"-84.25, 33.94",Saturday,23,33.94,-84.25
10,"-84.25, 33.95",Saturday,23,33.95,-84.25
15,"-84.26, 33.94",Saturday,23,33.94,-84.26
11,"-84.26, 33.95",Saturday,23,33.95,-84.26
7,"-84.26, 33.96",Saturday,23,33.96,-84.26
6,"-84.27, 33.92",Saturday,23,33.92,-84.27
6,"-84.27, 33.93",Saturday,23,33.93,-84.27
7,"-84.28, 33.9",Saturday,23,33.9,-84.28
7,"-84.14, 33.95",Sunday,0,33.95,-84.14
5,"-84.16, 33.95",Sunday,0,33.95,-84.16
5,"-84.17, 33.9",Sunday,0,33.9,-84.17
5,"-84.18, 34.01",Sunday,0,34.01,-84.18
5,"-84.19, 33.93",Sunday,0,33.93,-84.19
18,"-84.2, 33.92",Sunday,0,33.92,-84.2
6,"-84.2, 33.93",Sunday,0,33.93,-84.2
9,"-84.21, 33.9",Sunday,0,33.9,-84.21
7,"-84.21, 33.91",Sunday,0,33.91,-84.21
8,"-84.21, 33.93",Sunday,0,33.93,-84.21
9,"-84.21, 33.94",Sunday,0,33.94,-84.21
12,"-84.21, 33.96",Sunday,0,33.96,-84.21
6,"-84.22, 33.92",Sunday,0,33.92,-84.22
5,"-84.22, 33.93",Sunday,0,33.93,-84.22
5,"-84.23, 33.9",Sunday,0,33.9,-84.23
7,"-84.24, 33.95",Sunday,0,33.95,-84.24
19,"-84.25, 33.94",Sunday,0,33.94,-84.25
10,"-84.25, 33.95",Sunday,0,33.95,-84.25
9,"-84.26, 33.94",Sunday,0,33.94,-84.26
12,"-84.26, 33.95",Sunday,0,33.95,-84.26
11,"-84.27, 33.92",Sunday,0,33.92,-84.27
6,"-84.27, 33.93",Sunday,0,33.93,-84.27
5,"-84.14, 33.95",Sunday,1,33.95,-84.14
6,"-84.17, 33.9",Sunday,1,33.9,-84.17
10,"-84.18, 33.92",Sunday,1,33.92,-84.18
8,"-84.19, 33.93",Sunday,1,33.93,-84.19
8,"-84.2, 33.92",Sunday,1,33.92,-84.2
11,"-84.21, 33.9",Sunday,1,33.9,-84.21
6,"-84.21, 33.91",Sunday,1,33.91,-84.21
8,"-84.21, 33.93",Sunday,1,33.93,-84.21
12,"-84.21, 33.96",Sunday,1,33.96,-84.21
6,"-84.22, 33.92",Sunday,1,33.92,-84.22
7,"-84.23, 33.94",Sunday,1,33.94,-84.23
8,"-84.24, 33.92",Sunday,1,33.92,-84.24
22,"-84.25, 33.94",Sunday,1,33.94,-84.25
10,"-84.25, 33.95",Sunday,1,33.95,-84.25
9,"-84.26, 33.95",Sunday,1,33.95,-84.26
9,"-84.27, 33.92",Sunday,1,33.92,-84.27
9,"-84.28, 33.9",Sunday,1,33.9,-84.28
7,"-84.17, 33.99",Sunday,2,33.99,-84.17
5,"-84.18, 33.92",Sunday,2,33.92,-84.18
8,"-84.2, 33.92",Sunday,2,33.92,-84.2
6,"-84.21, 33.9",Sunday,2,33.9,-84.21
6,"-84.21, 33.93",Sunday,2,33.93,-84.21
10,"-84.21, 33.96",Sunday,2,33.96,-84.21
7,"-84.22, 33.92",Sunday,2,33.92,-84.22
7,"-84.22, 33.93",Sunday,2,33.93,-84.22
7,"-84.23, 33.92",Sunday,2,33.92,-84.23
6,"-84.23, 33.93",Sunday,2,33.93,-84.23
13,"-84.25, 33.94",Sunday,2,33.94,-84.25
10,"-84.25, 33.95",Sunday,2,33.95,-84.25
11,"-84.26, 33.94",Sunday,2,33.94,-84.26
9,"-84.26, 33.95",Sunday,2,33.95,-84.26
5,"-84.27, 33.92",Sunday,2,33.92,-84.27
9,"-84.27, 33.93",Sunday,2,33.93,-84.27
6,"-84.28, 33.9",Sunday,2,33.9,-84.28
8,"-84.16, 33.9",Sunday,3,33.9,-84.16
5,"-84.19, 33.91",Sunday,3,33.91,-84.19
5,"-84.2, 33.92",Sunday,3,33.92,-84.2
5,"-84.21, 33.89",Sunday,3,33.89,-84.21
12,"-84.21, 33.9",Sunday,3,33.9,-84.21
5,"-84.21, 33.94",Sunday,3,33.94,-84.21
8,"-84.21, 33.96",Sunday,3,33.96,-84.21
5,"-84.22, 33.92",Sunday,3,33.92,-84.22
9,"-84.22, 33.93",Sunday,3,33.93,-84.22
7,"-84.24, 33.94",Sunday,3,33.94,-84.24
12,"-84.25, 33.94",Sunday,3,33.94,-84.25
13,"-84.26, 33.94",Sunday,3,33.94,-84.26
11,"-84.26, 33.95",Sunday,3,33.95,-84.26
5,"-84.28, 33.9",Sunday,3,33.9,-84.28
5,"-84.12, 33.91",Sunday,4,33.91,-84.12
10,"-84.19, 33.91",Sunday,4,33.91,-84.19
11,"-84.19, 33.94",Sunday,4,33.94,-84.19
11,"-84.21, 33.96",Sunday,4,33.96,-84.21
10,"-84.22, 33.93",Sunday,4,33.93,-84.22
7,"-84.25, 33.94",Sunday,4,33.94,-84.25
7,"-84.25, 33.95",Sunday,4,33.95,-84.25
5,"-84.26, 33.94",Sunday,4,33.94,-84.26
5,"-84.26, 33.95",Sunday,4,33.95,-84.26
5,"-84.27, 33.93",Sunday,4,33.93,-84.27
5,"-84.19, 33.91",Sunday,5,33.91,-84.19
6,"-84.2, 33.92",Sunday,5,33.92,-84.2
9,"-84.21, 33.96",Sunday,5,33.96,-84.21
7,"-84.23, 33.92",Sunday,5,33.92,-84.23
5,"-84.24, 33.92",Sunday,5,33.92,-84.24
6,"-84.25, 33.95",Sunday,5,33.95,-84.25
5,"-84.21, 33.96",Sunday,6,33.96,-84.21
5,"-84.25, 33.95",Sunday,6,33.95,-84.25
5,"-84.26, 33.95",Sunday,6,33.95,-84.26
6,"-84.2, 33.92",Sunday,7,33.92,-84.2
5,"-84.21, 33.91",Sunday,7,33.91,-84.21
6,"-84.25, 33.9",Sunday,7,33.9,-84.25
8,"-84.25, 33.95",Sunday,8,33.95,-84.25
7,"-84.13, 33.96",Sunday,9,33.96,-84.13
7,"-84.13, 33.96",Sunday,10,33.96,-84.13
5,"-84.21, 33.94",Sunday,10,33.94,-84.21
5,"-84.22, 33.97",Sunday,10,33.97,-84.22
8,"-84.28, 33.9",Sunday,10,33.9,-84.28
5,"-84.13, 33.96",Sunday,11,33.96,-84.13
7,"-84.18, 33.96",Sunday,11,33.96,-84.18
6,"-84.21, 33.94",Sunday,11,33.94,-84.21
8,"-84.21, 33.96",Sunday,11,33.96,-84.21
9,"-84.22, 33.92",Sunday,11,33.92,-84.22
6,"-84.22, 33.97",Sunday,11,33.97,-84.22
13,"-84.22, 33.98",Sunday,11,33.98,-84.22
5,"-84.23, 33.97",Sunday,11,33.97,-84.23
5,"-84.24, 33.95",Sunday,11,33.95,-84.24
6,"-84.28, 33.9",Sunday,11,33.9,-84.28
5,"-84.17, 34.06",Sunday,12,34.06,-84.17
7,"-84.18, 33.96",Sunday,12,33.96,-84.18
5,"-84.21, 33.9",Sunday,12,33.9,-84.21
9,"-84.22, 33.92",Sunday,12,33.92,-84.22
19,"-84.22, 33.97",Sunday,12,33.97,-84.22
10,"-84.22, 33.98",Sunday,12,33.98,-84.22
8,"-84.23, 33.94",Sunday,12,33.94,-84.23
6,"-84.24, 33.94",Sunday,12,33.94,-84.24
14,"-84.25, 33.94",Sunday,12,33.94,-84.25
5,"-84.28, 33.9",Sunday,12,33.9,-84.28
6,"-84.19, 33.93",Sunday,13,33.93,-84.19
7,"-84.21, 33.9",Sunday,13,33.9,-84.21
5,"-84.21, 33.96",Sunday,13,33.96,-84.21
8,"-84.22, 33.97",Sunday,13,33.97,-84.22
5,"-84.22, 33.98",Sunday,13,33.98,-84.22
5,"-84.23, 33.95",Sunday,13,33.95,-84.23
15,"-84.24, 33.95",Sunday,13,33.95,-84.24
27,"-84.25, 33.94",Sunday,13,33.94,-84.25
12,"-84.26, 33.94",Sunday,13,33.94,-84.26
7,"-84.26, 33.96",Sunday,13,33.96,-84.26
5,"-84.27, 33.93",Sunday,13,33.93,-84.27
8,"-84.28, 33.9",Sunday,13,33.9,-84.28
16,"-84.22, 33.97",Sunday,14,33.97,-84.22
18,"-84.24, 33.95",Sunday,14,33.95,-84.24
18,"-84.25, 33.94",Sunday,14,33.94,-84.25
6,"-84.26, 33.93",Sunday,14,33.93,-84.26
6,"-84.26, 33.95",Sunday,14,33.95,-84.26
6,"-84.27, 33.93",Sunday,14,33.93,-84.27
6,"-84.28, 33.9",Sunday,14,33.9,-84.28
5,"-84.15, 33.95",Sunday,15,33.95,-84.15
5,"-84.2, 33.89",Sunday,15,33.89,-84.2
5,"-84.2, 33.91",Sunday,15,33.91,-84.2
6,"-84.21, 33.9",Sunday,15,33.9,-84.21
6,"-84.21, 33.93",Sunday,15,33.93,-84.21
7,"-84.21, 33.94",Sunday,15,33.94,-84.21
7,"-84.21, 33.96",Sunday,15,33.96,-84.21
9,"-84.22, 33.93",Sunday,15,33.93,-84.22
9,"-84.22, 33.97",Sunday,15,33.97,-84.22
5,"-84.23, 33.93",Sunday,15,33.93,-84.23
7,"-84.24, 33.95",Sunday,15,33.95,-84.24
18,"-84.25, 33.94",Sunday,15,33.94,-84.25
6,"-84.26, 33.94",Sunday,15,33.94,-84.26
5,"-84.26, 33.95",Sunday,15,33.95,-84.26
7,"-84.26, 33.96",Sunday,15,33.96,-84.26
6,"-84.27, 33.93",Sunday,15,33.93,-84.27
6,"-84.28, 33.9",Sunday,15,33.9,-84.28
7,"-84.14, 34.02",Sunday,16,34.02,-84.14
5,"-84.17, 33.91",Sunday,16,33.91,-84.17
10,"-84.2, 33.92",Sunday,16,33.92,-84.2
5,"-84.21, 33.91",Sunday,16,33.91,-84.21
5,"-84.21, 33.94",Sunday,16,33.94,-84.21
7,"-84.21, 33.96",Sunday,16,33.96,-84.21
6,"-84.22, 33.92",Sunday,16,33.92,-84.22
7,"-84.22, 33.97",Sunday,16,33.97,-84.22
6,"-84.23, 33.93",Sunday,16,33.93,-84.23
6,"-84.24, 33.95",Sunday,16,33.95,-84.24
31,"-84.25, 33.94",Sunday,16,33.94,-84.25
9,"-84.25, 33.95",Sunday,16,33.95,-84.25
6,"-84.26, 33.94",Sunday,16,33.94,-84.26
8,"-84.26, 33.95",Sunday,16,33.95,-84.26
8,"-84.26, 33.96",Sunday,16,33.96,-84.26
6,"-84.27, 33.93",Sunday,16,33.93,-84.27
7,"-84.28, 33.9",Sunday,16,33.9,-84.28
6,"-84.31, 33.89",Sunday,16,33.89,-84.31
6,"-84.13, 33.96",Sunday,17,33.96,-84.13
8,"-84.18, 33.92",Sunday,17,33.92,-84.18
5,"-84.21, 33.9",Sunday,17,33.9,-84.21
6,"-84.21, 33.96",Sunday,17,33.96,-84.21
5,"-84.23, 33.93",Sunday,17,33.93,-84.23
8,"-84.24, 33.95",Sunday,17,33.95,-84.24
28,"-84.25, 33.94",Sunday,17,33.94,-84.25
8,"-84.25, 33.95",Sunday,17,33.95,-84.25
8,"-84.26, 33.95",Sunday,17,33.95,-84.26
6,"-84.26, 33.96",Sunday,17,33.96,-84.26
6,"-84.27, 33.93",Sunday,17,33.93,-84.27
6,"-84.31, 33.89",Sunday,17,33.89,-84.31
6,"-84.19, 33.93",Sunday,18,33.93,-84.19
5,"-84.2, 33.92",Sunday,18,33.92,-84.2
5,"-84.21, 33.9",Sunday,18,33.9,-84.21
7,"-84.21, 33.91",Sunday,18,33.91,-84.21
7,"-84.22, 33.93",Sunday,18,33.93,-84.22
5,"-84.22, 33.98",Sunday,18,33.98,-84.22
6,"-84.24, 33.92",Sunday,18,33.92,-84.24
20,"-84.24, 33.95",Sunday,18,33.95,-84.24
25,"-84.25, 33.94",Sunday,18,33.94,-84.25
12,"-84.25, 33.95",Sunday,18,33.95,-84.25
7,"-84.26, 33.94",Sunday,18,33.94,-84.26
9,"-84.26, 33.95",Sunday,18,33.95,-84.26
6,"-84.26, 33.96",Sunday,18,33.96,-84.26
5,"-84.15, 33.95",Sunday,19,33.95,-84.15
7,"-84.18, 33.92",Sunday,19,33.92,-84.18
6,"-84.2, 33.89",Sunday,19,33.89,-84.2
5,"-84.2, 33.92",Sunday,19,33.92,-84.2
7,"-84.21, 33.9",Sunday,19,33.9,-84.21
11,"-84.21, 33.96",Sunday,19,33.96,-84.21
11,"-84.22, 33.92",Sunday,19,33.92,-84.22
7,"-84.22, 33.97",Sunday,19,33.97,-84.22
5,"-84.22, 33.98",Sunday,19,33.98,-84.22
11,"-84.24, 33.94",Sunday,19,33.94,-84.24
10,"-84.24, 33.95",Sunday,19,33.95,-84.24
5,"-84.25, 33.93",Sunday,19,33.93,-84.25
19,"-84.25, 33.94",Sunday,19,33.94,-84.25
12,"-84.25, 33.95",Sunday,19,33.95,-84.25
12,"-84.26, 33.95",Sunday,19,33.95,-84.26
5,"-84.26, 33.96",Sunday,19,33.96,-84.26
7,"-84.27, 33.92",Sunday,19,33.92,-84.27
7,"-84.27, 33.93",Sunday,19,33.93,-84.27
6,"-84.12, 33.94",Sunday,20,33.94,-84.12
7,"-84.14, 33.95",Sunday,20,33.95,-84.14
5,"-84.19, 33.93",Sunday,20,33.93,-84.19
5,"-84.2, 33.93",Sunday,20,33.93,-84.2
6,"-84.21, 33.91",Sunday,20,33.91,-84.21
6,"-84.21, 33.93",Sunday,20,33.93,-84.21
7,"-84.21, 33.96",Sunday,20,33.96,-84.21
5,"-84.24, 33.94",Sunday,20,33.94,-84.24
9,"-84.24, 33.95",Sunday,20,33.95,-84.24
21,"-84.25, 33.94",Sunday,20,33.94,-84.25
10,"-84.25, 33.95",Sunday,20,33.95,-84.25
12,"-84.26, 33.94",Sunday,20,33.94,-84.26
5,"-84.26, 33.95",Sunday,20,33.95,-84.26
6,"-84.27, 33.93",Sunday,20,33.93,-84.27
6,"-84.14, 33.95",Sunday,21,33.95,-84.14
6,"-84.15, 33.99",Sunday,21,33.99,-84.15
5,"-84.18, 33.92",Sunday,21,33.92,-84.18
5,"-84.18, 33.93",Sunday,21,33.93,-84.18
6,"-84.2, 33.92",Sunday,21,33.92,-84.2
10,"-84.2, 33.93",Sunday,21,33.93,-84.2
7,"-84.21, 33.9",Sunday,21,33.9,-84.21
6,"-84.21, 33.91",Sunday,21,33.91,-84.21
5,"-84.21, 33.93",Sunday,21,33.93,-84.21
7,"-84.21, 33.94",Sunday,21,33.94,-84.21
7,"-84.24, 33.94",Sunday,21,33.94,-84.24
8,"-84.24, 33.95",Sunday,21,33.95,-84.24
25,"-84.25, 33.94",Sunday,21,33.94,-84.25
6,"-84.25, 33.95",Sunday,21,33.95,-84.25
9,"-84.26, 33.93",Sunday,21,33.93,-84.26
9,"-84.26, 33.94",Sunday,21,33.94,-84.26
13,"-84.26, 33.95",Sunday,21,33.95,-84.26
10,"-84.27, 33.93",Sunday,21,33.93,-84.27
8,"-84.28, 33.9",Sunday,21,33.9,-84.28
6,"-84.15, 33.95",Sunday,22,33.95,-84.15
9,"-84.16, 33.94",Sunday,22,33.94,-84.16
6,"-84.19, 33.93",Sunday,22,33.93,-84.19
9,"-84.2, 33.92",Sunday,22,33.92,-84.2
6,"-84.21, 33.9",Sunday,22,33.9,-84.21
12,"-84.21, 33.96",Sunday,22,33.96,-84.21
5,"-84.22, 33.92",Sunday,22,33.92,-84.22
5,"-84.24, 33.94",Sunday,22,33.94,-84.24
24,"-84.25, 33.94",Sunday,22,33.94,-84.25
8,"-84.25, 33.95",Sunday,22,33.95,-84.25
6,"-84.26, 33.93",Sunday,22,33.93,-84.26
13,"-84.26, 33.94",Sunday,22,33.94,-84.26
8,"-84.26, 33.95",Sunday,22,33.95,-84.26
7,"-84.27, 33.92",Sunday,22,33.92,-84.27
11,"-84.27, 33.93",Sunday,22,33.93,-84.27
6,"-84.27, 33.94",Sunday,22,33.94,-84.27
5,"-84.12, 33.9",Sunday,23,33.9,-84.12
8,"-84.17, 33.91",Sunday,23,33.91,-84.17
7,"-84.2, 33.92",Sunday,23,33.92,-84.2
5,"-84.2, 33.94",Sunday,23,33.94,-84.2
9,"-84.21, 33.96",Sunday,23,33.96,-84.21
9,"-84.21, 33.97",Sunday,23,33.97,-84.21
6,"-84.23, 33.92",Sunday,23,33.92,-84.23
9,"-84.23, 33.94",Sunday,23,33.94,-84.23
8,"-84.24, 33.94",Sunday,23,33.94,-84.24
5,"-84.24, 33.95",Sunday,23,33.95,-84.24
25,"-84.25, 33.94",Sunday,23,33.94,-84.25
15,"-84.25, 33.95",Sunday,23,33.95,-84.25
9,"-84.26, 33.94",Sunday,23,33.94,-84.26
12,"-84.26, 33.95",Sunday,23,33.95,-84.26
9,"-84.26, 33.96",Sunday,23,33.96,-84.26
5,"-84.27, 33.92",Sunday,23,33.92,-84.27
5,"-84.14, 33.95",Thursday,0,33.95,-84.14
5,"-84.18, 33.92",Thursday,0,33.92,-84.18
5,"-84.19, 33.93",Thursday,0,33.93,-84.19
5,"-84.2, 33.92",Thursday,0,33.92,-84.2
7,"-84.21, 33.9",Thursday,0,33.9,-84.21
6,"-84.21, 33.94",Thursday,0,33.94,-84.21
15,"-84.21, 33.96",Thursday,0,33.96,-84.21
5,"-84.22, 33.92",Thursday,0,33.92,-84.22
7,"-84.24, 33.95",Thursday,0,33.95,-84.24
14,"-84.25, 33.94",Thursday,0,33.94,-84.25
8,"-84.25, 33.95",Thursday,0,33.95,-84.25
11,"-84.26, 33.94",Thursday,0,33.94,-84.26
7,"-84.26, 33.95",Thursday,0,33.95,-84.26
9,"-84.28, 33.9",Thursday,0,33.9,-84.28
5,"-84.21, 33.95",Thursday,1,33.95,-84.21
19,"-84.21, 33.96",Thursday,1,33.96,-84.21
7,"-84.22, 33.92",Thursday,1,33.92,-84.22
7,"-84.23, 33.94",Thursday,1,33.94,-84.23
5,"-84.24, 33.95",Thursday,1,33.95,-84.24
18,"-84.25, 33.94",Thursday,1,33.94,-84.25
8,"-84.26, 33.95",Thursday,1,33.95,-84.26
8,"-84.28, 33.9",Thursday,1,33.9,-84.28
6,"-84.2, 33.92",Thursday,2,33.92,-84.2
7,"-84.21, 33.93",Thursday,2,33.93,-84.21
16,"-84.21, 33.96",Thursday,2,33.96,-84.21
6,"-84.22, 33.92",Thursday,2,33.92,-84.22
5,"-84.23, 33.94",Thursday,2,33.94,-84.23
6,"-84.24, 33.94",Thursday,2,33.94,-84.24
5,"-84.25, 33.94",Thursday,2,33.94,-84.25
17,"-84.25, 33.95",Thursday,2,33.95,-84.25
8,"-84.26, 33.94",Thursday,2,33.94,-84.26
7,"-84.26, 33.95",Thursday,2,33.95,-84.26
13,"-84.28, 33.9",Thursday,2,33.9,-84.28
12,"-84.19, 33.91",Thursday,3,33.91,-84.19
6,"-84.2, 33.92",Thursday,3,33.92,-84.2
5,"-84.21, 33.91",Thursday,3,33.91,-84.21
14,"-84.21, 33.96",Thursday,3,33.96,-84.21
5,"-84.24, 33.94",Thursday,3,33.94,-84.24
5,"-84.25, 33.94",Thursday,3,33.94,-84.25
7,"-84.26, 33.94",Thursday,3,33.94,-84.26
7,"-84.27, 33.93",Thursday,3,33.93,-84.27
8,"-84.21, 33.96",Thursday,4,33.96,-84.21
6,"-84.22, 33.92",Thursday,4,33.92,-84.22
7,"-84.25, 33.94",Thursday,4,33.94,-84.25
5,"-84.26, 33.94",Thursday,4,33.94,-84.26
6,"-84.14, 34.0",Thursday,5,34.0,-84.14
5,"-84.22, 33.89",Thursday,5,33.89,-84.22
6,"-84.24, 33.94",Thursday,5,33.94,-84.24
6,"-84.26, 33.95",Thursday,5,33.95,-84.26
5,"-84.19, 33.91",Thursday,6,33.91,-84.19
5,"-84.2, 33.92",Thursday,6,33.92,-84.2
6,"-84.22, 33.91",Thursday,7,33.91,-84.22
6,"-84.24, 33.94",Thursday,7,33.94,-84.24
7,"-84.18, 33.92",Thursday,8,33.92,-84.18
5,"-84.2, 33.92",Thursday,8,33.92,-84.2
5,"-84.22, 33.91",Thursday,8,33.91,-84.22
5,"-84.18, 33.92",Thursday,9,33.92,-84.18
10,"-84.28, 33.9",Thursday,9,33.9,-84.28
5,"-84.17, 33.98",Thursday,10,33.98,-84.17
7,"-84.22, 33.93",Thursday,10,33.93,-84.22
5,"-84.23, 33.93",Thursday,10,33.93,-84.23
9,"-84.25, 33.94",Thursday,10,33.94,-84.25
10,"-84.28, 33.9",Thursday,10,33.9,-84.28
15,"-84.06, 33.95",Thursday,11,33.95,-84.06
7,"-84.16, 33.97",Thursday,11,33.97,-84.16
5,"-84.18, 33.96",Thursday,11,33.96,-84.18
10,"-84.21, 33.94",Thursday,11,33.94,-84.21
7,"-84.21, 33.96",Thursday,11,33.96,-84.21
8,"-84.22, 33.92",Thursday,11,33.92,-84.22
7,"-84.22, 33.96",Thursday,11,33.96,-84.22
6,"-84.22, 33.97",Thursday,11,33.97,-84.22
6,"-84.23, 33.93",Thursday,11,33.93,-84.23
13,"-84.23, 33.94",Thursday,11,33.94,-84.23
9,"-84.24, 33.95",Thursday,11,33.95,-84.24
8,"-84.25, 33.95",Thursday,11,33.95,-84.25
6,"-84.26, 33.94",Thursday,11,33.94,-84.26
5,"-84.26, 33.95",Thursday,11,33.95,-84.26
14,"-84.28, 33.9",Thursday,11,33.9,-84.28
9,"-84.15, 34.0",Thursday,12,34.0,-84.15
9,"-84.22, 33.92",Thursday,12,33.92,-84.22
9,"-84.22, 33.96",Thursday,12,33.96,-84.22
6,"-84.23, 33.94",Thursday,12,33.94,-84.23
6,"-84.24, 33.94",Thursday,12,33.94,-84.24
6,"-84.24, 33.95",Thursday,12,33.95,-84.24
9,"-84.25, 33.94",Thursday,12,33.94,-84.25
5,"-84.26, 33.96",Thursday,12,33.96,-84.26
5,"-84.54, 33.89",Thursday,12,33.89,-84.54
6,"-84.19, 33.97",Thursday,13,33.97,-84.19
6,"-84.19, 34.01",Thursday,13,34.01,-84.19
6,"-84.2, 33.89",Thursday,13,33.89,-84.2
7,"-84.21, 33.94",Thursday,13,33.94,-84.21
5,"-84.21, 33.96",Thursday,13,33.96,-84.21
11,"-84.22, 33.91",Thursday,13,33.91,-84.22
5,"-84.22, 33.92",Thursday,13,33.92,-84.22
10,"-84.22, 33.97",Thursday,13,33.97,-84.22
6,"-84.22, 33.98",Thursday,13,33.98,-84.22
5,"-84.24, 33.94",Thursday,13,33.94,-84.24
23,"-84.24, 33.95",Thursday,13,33.95,-84.24
19,"-84.25, 33.94",Thursday,13,33.94,-84.25
10,"-84.25, 33.95",Thursday,13,33.95,-84.25
6,"-84.26, 33.93",Thursday,13,33.93,-84.26
5,"-84.26, 33.95",Thursday,13,33.95,-84.26
11,"-84.26, 33.96",Thursday,13,33.96,-84.26
6,"-84.27, 33.93",Thursday,13,33.93,-84.27
5,"-84.28, 33.94",Thursday,13,33.94,-84.28
5,"-84.13, 33.94",Thursday,14,33.94,-84.13
7,"-84.14, 33.95",Thursday,14,33.95,-84.14
12,"-84.18, 33.92",Thursday,14,33.92,-84.18
5,"-84.19, 33.97",Thursday,14,33.97,-84.19
10,"-84.2, 33.89",Thursday,14,33.89,-84.2
8,"-84.22, 33.91",Thursday,14,33.91,-84.22
5,"-84.22, 33.96",Thursday,14,33.96,-84.22
20,"-84.22, 33.97",Thursday,14,33.97,-84.22
5,"-84.23, 33.93",Thursday,14,33.93,-84.23
7,"-84.24, 33.94",Thursday,14,33.94,-84.24
19,"-84.24, 33.95",Thursday,14,33.95,-84.24
15,"-84.25, 33.94",Thursday,14,33.94,-84.25
10,"-84.25, 33.95",Thursday,14,33.95,-84.25
10,"-84.26, 33.96",Thursday,14,33.96,-84.26
7,"-84.27, 33.93",Thursday,14,33.93,-84.27
10,"-84.28, 33.9",Thursday,14,33.9,-84.28
5,"-84.28, 33.98",Thursday,14,33.98,-84.28
5,"-84.13, 33.96",Thursday,15,33.96,-84.13
7,"-84.18, 33.92",Thursday,15,33.92,-84.18
5,"-84.18, 33.93",Thursday,15,33.93,-84.18
9,"-84.21, 33.94",Thursday,15,33.94,-84.21
5,"-84.22, 33.91",Thursday,15,33.91,-84.22
9,"-84.22, 33.97",Thursday,15,33.97,-84.22
5,"-84.23, 33.93",Thursday,15,33.93,-84.23
5,"-84.24, 33.94",Thursday,15,33.94,-84.24
10,"-84.24, 33.95",Thursday,15,33.95,-84.24
15,"-84.25, 33.94",Thursday,15,33.94,-84.25
8,"-84.25, 33.95",Thursday,15,33.95,-84.25
14,"-84.26, 33.93",Thursday,15,33.93,-84.26
9,"-84.26, 33.96",Thursday,15,33.96,-84.26
5,"-84.34, 33.92",Thursday,15,33.92,-84.34
6,"-84.21, 33.9",Thursday,16,33.9,-84.21
5,"-84.21, 33.96",Thursday,16,33.96,-84.21
11,"-84.23, 33.93",Thursday,16,33.93,-84.23
6,"-84.24, 33.94",Thursday,16,33.94,-84.24
5,"-84.24, 33.95",Thursday,16,33.95,-84.24
15,"-84.25, 33.94",Thursday,16,33.94,-84.25
12,"-84.25, 33.95",Thursday,16,33.95,-84.25
5,"-84.26, 33.94",Thursday,16,33.94,-84.26
10,"-84.26, 33.95",Thursday,16,33.95,-84.26
5,"-84.16, 33.97",Thursday,17,33.97,-84.16
6,"-84.18, 33.92",Thursday,17,33.92,-84.18
6,"-84.21, 33.9",Thursday,17,33.9,-84.21
19,"-84.21, 33.96",Thursday,17,33.96,-84.21
5,"-84.22, 33.91",Thursday,17,33.91,-84.22
7,"-84.22, 33.93",Thursday,17,33.93,-84.22
11,"-84.23, 33.93",Thursday,17,33.93,-84.23
7,"-84.24, 33.94",Thursday,17,33.94,-84.24
13,"-84.24, 33.95",Thursday,17,33.95,-84.24
19,"-84.25, 33.94",Thursday,17,33.94,-84.25
8,"-84.25, 33.95",Thursday,17,33.95,-84.25
9,"-84.26, 33.94",Thursday,17,33.94,-84.26
6,"-84.26, 33.95",Thursday,17,33.95,-84.26
6,"-84.27, 33.93",Thursday,17,33.93,-84.27
6,"-84.27, 33.96",Thursday,17,33.96,-84.27
7,"-84.28, 33.9",Thursday,17,33.9,-84.28
9,"-84.14, 34.02",Thursday,18,34.02,-84.14
5,"-84.19, 33.93",Thursday,18,33.93,-84.19
6,"-84.21, 33.9",Thursday,18,33.9,-84.21
5,"-84.21, 33.91",Thursday,18,33.91,-84.21
5,"-84.21, 33.95",Thursday,18,33.95,-84.21
6,"-84.22, 33.93",Thursday,18,33.93,-84.22
5,"-84.22, 33.96",Thursday,18,33.96,-84.22
6,"-84.23, 33.93",Thursday,18,33.93,-84.23
6,"-84.24, 33.94",Thursday,18,33.94,-84.24
7,"-84.24, 33.95",Thursday,18,33.95,-84.24
33,"-84.25, 33.94",Thursday,18,33.94,-84.25
7,"-84.25, 33.95",Thursday,18,33.95,-84.25
9,"-84.26, 33.93",Thursday,18,33.93,-84.26
8,"-84.26, 33.94",Thursday,18,33.94,-84.26
20,"-84.26, 33.95",Thursday,18,33.95,-84.26
10,"-84.26, 33.96",Thursday,18,33.96,-84.26
5,"-84.27, 33.93",Thursday,18,33.93,-84.27
5,"-84.12, 33.94",Thursday,19,33.94,-84.12
5,"-84.14, 34.02",Thursday,19,34.02,-84.14
7,"-84.17, 34.0",Thursday,19,34.0,-84.17
5,"-84.18, 33.92",Thursday,19,33.92,-84.18
5,"-84.2, 33.93",Thursday,19,33.93,-84.2
5,"-84.2, 34.02",Thursday,19,34.02,-84.2
10,"-84.21, 33.94",Thursday,19,33.94,-84.21
14,"-84.21, 33.96",Thursday,19,33.96,-84.21
10,"-84.22, 33.97",Thursday,19,33.97,-84.22
7,"-84.24, 33.92",Thursday,19,33.92,-84.24
5,"-84.24, 33.94",Thursday,19,33.94,-84.24
16,"-84.24, 33.95",Thursday,19,33.95,-84.24
25,"-84.25, 33.94",Thursday,19,33.94,-84.25
16,"-84.25, 33.95",Thursday,19,33.95,-84.25
13,"-84.26, 33.94",Thursday,19,33.94,-84.26
19,"-84.26, 33.95",Thursday,19,33.95,-84.26
9,"-84.26, 33.96",Thursday,19,33.96,-84.26
5,"-84.27, 33.92",Thursday,19,33.92,-84.27
5,"-84.06, 33.94",Thursday,20,33.94,-84.06
6,"-84.12, 33.94",Thursday,20,33.94,-84.12
5,"-84.17, 33.93",Thursday,20,33.93,-84.17
5,"-84.17, 33.99",Thursday,20,33.99,-84.17
5,"-84.18, 33.92",Thursday,20,33.92,-84.18
5,"-84.19, 33.93",Thursday,20,33.93,-84.19
6,"-84.2, 33.92",Thursday,20,33.92,-84.2
9,"-84.21, 33.9",Thursday,20,33.9,-84.21
7,"-84.21, 33.94",Thursday,20,33.94,-84.21
9,"-84.21, 33.96",Thursday,20,33.96,-84.21
10,"-84.22, 33.91",Thursday,20,33.91,-84.22
9,"-84.22, 33.92",Thursday,20,33.92,-84.22
8,"-84.22, 33.97",Thursday,20,33.97,-84.22
11,"-84.24, 33.94",Thursday,20,33.94,-84.24
21,"-84.24, 33.95",Thursday,20,33.95,-84.24
27,"-84.25, 33.94",Thursday,20,33.94,-84.25
14,"-84.25, 33.95",Thursday,20,33.95,-84.25
8,"-84.26, 33.94",Thursday,20,33.94,-84.26
14,"-84.26, 33.95",Thursday,20,33.95,-84.26
12,"-84.26, 33.96",Thursday,20,33.96,-84.26
5,"-84.34, 33.89",Thursday,20,33.89,-84.34
6,"-84.15, 33.94",Thursday,21,33.94,-84.15
7,"-84.17, 33.91",Thursday,21,33.91,-84.17
10,"-84.2, 33.92",Thursday,21,33.92,-84.2
6,"-84.2, 33.93",Thursday,21,33.93,-84.2
12,"-84.21, 33.9",Thursday,21,33.9,-84.21
5,"-84.21, 33.95",Thursday,21,33.95,-84.21
7,"-84.22, 33.91",Thursday,21,33.91,-84.22
7,"-84.22, 33.92",Thursday,21,33.92,-84.22
15,"-84.24, 33.94",Thursday,21,33.94,-84.24
7,"-84.24, 33.95",Thursday,21,33.95,-84.24
22,"-84.25, 33.94",Thursday,21,33.94,-84.25
13,"-84.25, 33.95",Thursday,21,33.95,-84.25
6,"-84.26, 33.94",Thursday,21,33.94,-84.26
12,"-84.26, 33.95",Thursday,21,33.95,-84.26
5,"-84.26, 33.96",Thursday,21,33.96,-84.26
5,"-84.27, 33.93",Thursday,21,33.93,-84.27
14,"-84.17, 33.99",Thursday,22,33.99,-84.17
6,"-84.2, 33.93",Thursday,22,33.93,-84.2
6,"-84.21, 33.9",Thursday,22,33.9,-84.21
15,"-84.21, 33.96",Thursday,22,33.96,-84.21
6,"-84.22, 33.91",Thursday,22,33.91,-84.22
8,"-84.24, 33.94",Thursday,22,33.94,-84.24
13,"-84.24, 33.95",Thursday,22,33.95,-84.24
24,"-84.25, 33.94",Thursday,22,33.94,-84.25
11,"-84.25, 33.95",Thursday,22,33.95,-84.25
6,"-84.26, 33.95",Thursday,22,33.95,-84.26
7,"-84.28, 33.9",Thursday,22,33.9,-84.28
6,"-84.17, 33.99",Thursday,23,33.99,-84.17
12,"-84.2, 33.92",Thursday,23,33.92,-84.2
5,"-84.2, 33.94",Thursday,23,33.94,-84.2
11,"-84.21, 33.96",Thursday,23,33.96,-84.21
5,"-84.22, 33.92",Thursday,23,33.92,-84.22
5,"-84.24, 33.95",Thursday,23,33.95,-84.24
15,"-84.25, 33.94",Thursday,23,33.94,-84.25
13,"-84.25, 33.95",Thursday,23,33.95,-84.25
11,"-84.26, 33.95",Thursday,23,33.95,-84.26
7,"-84.18, 33.92",Tuesday,0,33.92,-84.18
6,"-84.2, 33.92",Tuesday,0,33.92,-84.2
6,"-84.21, 33.91",Tuesday,0,33.91,-84.21
10,"-84.21, 33.96",Tuesday,0,33.96,-84.21
7,"-84.22, 33.92",Tuesday,0,33.92,-84.22
19,"-84.25, 33.94",Tuesday,0,33.94,-84.25
8,"-84.25, 33.95",Tuesday,0,33.95,-84.25
7,"-84.26, 33.94",Tuesday,0,33.94,-84.26
9,"-84.26, 33.95",Tuesday,0,33.95,-84.26
5,"-84.26, 33.96",Tuesday,0,33.96,-84.26
5,"-84.19, 33.94",Tuesday,1,33.94,-84.19
5,"-84.2, 33.92",Tuesday,1,33.92,-84.2
5,"-84.21, 33.95",Tuesday,1,33.95,-84.21
7,"-84.21, 33.96",Tuesday,1,33.96,-84.21
5,"-84.22, 33.92",Tuesday,1,33.92,-84.22
19,"-84.25, 33.94",Tuesday,1,33.94,-84.25
9,"-84.25, 33.95",Tuesday,1,33.95,-84.25
11,"-84.26, 33.94",Tuesday,1,33.94,-84.26
7,"-84.26, 33.95",Tuesday,1,33.95,-84.26
5,"-84.26, 33.96",Tuesday,1,33.96,-84.26
7,"-84.27, 33.92",Tuesday,1,33.92,-84.27
6,"-84.28, 33.9",Tuesday,1,33.9,-84.28
7,"-84.2, 33.92",Tuesday,2,33.92,-84.2
6,"-84.2, 33.93",Tuesday,2,33.93,-84.2
5,"-84.21, 33.91",Tuesday,2,33.91,-84.21
6,"-84.21, 33.96",Tuesday,2,33.96,-84.21
6,"-84.24, 33.94",Tuesday,2,33.94,-84.24
8,"-84.25, 33.94",Tuesday,2,33.94,-84.25
13,"-84.25, 33.95",Tuesday,2,33.95,-84.25
5,"-84.26, 33.94",Tuesday,2,33.94,-84.26
7,"-84.26, 33.95",Tuesday,2,33.95,-84.26
7,"-84.26, 33.96",Tuesday,2,33.96,-84.26
6,"-84.28, 33.9",Tuesday,2,33.9,-84.28
9,"-84.19, 33.91",Tuesday,3,33.91,-84.19
9,"-84.2, 33.92",Tuesday,3,33.92,-84.2
6,"-84.26, 33.94",Tuesday,3,33.94,-84.26
5,"-84.25, 33.94",Tuesday,4,33.94,-84.25
5,"-84.26, 33.95",Tuesday,4,33.95,-84.26
8,"-84.14, 34.0",Tuesday,5,34.0,-84.14
5,"-84.24, 33.94",Tuesday,5,33.94,-84.24
5,"-84.26, 33.95",Tuesday,5,33.95,-84.26
6,"-84.22, 33.91",Tuesday,7,33.91,-84.22
8,"-84.18, 33.92",Tuesday,8,33.92,-84.18
5,"-84.09, 33.98",Tuesday,9,33.98,-84.09
9,"-84.28, 33.9",Tuesday,9,33.9,-84.28
7,"-84.53, 33.99",Tuesday,9,33.99,-84.53
5,"-84.11, 33.96",Tuesday,10,33.96,-84.11
6,"-84.16, 33.97",Tuesday,10,33.97,-84.16
5,"-84.21, 33.93",Tuesday,10,33.93,-84.21
5,"-84.21, 33.96",Tuesday,10,33.96,-84.21
8,"-84.22, 33.93",Tuesday,10,33.93,-84.22
9,"-84.22, 33.96",Tuesday,10,33.96,-84.22
7,"-84.25, 33.94",Tuesday,10,33.94,-84.25
18,"-84.28, 33.9",Tuesday,10,33.9,-84.28
5,"-84.54, 33.87",Tuesday,10,33.87,-84.54
11,"-84.06, 33.95",Tuesday,11,33.95,-84.06
9,"-84.14, 33.96",Tuesday,11,33.96,-84.14
7,"-84.15, 34.0",Tuesday,11,34.0,-84.15
6,"-84.16, 33.97",Tuesday,11,33.97,-84.16
8,"-84.18, 33.96",Tuesday,11,33.96,-84.18
10,"-84.22, 33.92",Tuesday,11,33.92,-84.22
6,"-84.22, 33.94",Tuesday,11,33.94,-84.22
8,"-84.22, 33.96",Tuesday,11,33.96,-84.22
10,"-84.22, 33.97",Tuesday,11,33.97,-84.22
7,"-84.23, 33.93",Tuesday,11,33.93,-84.23
15,"-84.23, 33.94",Tuesday,11,33.94,-84.23
9,"-84.24, 33.95",Tuesday,11,33.95,-84.24
7,"-84.25, 33.95",Tuesday,11,33.95,-84.25
6,"-84.26, 33.94",Tuesday,11,33.94,-84.26
13,"-84.28, 33.9",Tuesday,11,33.9,-84.28
5,"-84.14, 33.96",Tuesday,12,33.96,-84.14
9,"-84.15, 34.0",Tuesday,12,34.0,-84.15
7,"-84.18, 33.96",Tuesday,12,33.96,-84.18
6,"-84.19, 33.93",Tuesday,12,33.93,-84.19
10,"-84.19, 33.97",Tuesday,12,33.97,-84.19
5,"-84.21, 33.91",Tuesday,12,33.91,-84.21
5,"-84.21, 33.94",Tuesday,12,33.94,-84.21
8,"-84.22, 33.92",Tuesday,12,33.92,-84.22
9,"-84.22, 33.96",Tuesday,12,33.96,-84.22
6,"-84.22, 33.97",Tuesday,12,33.97,-84.22
5,"-84.23, 33.9",Tuesday,12,33.9,-84.23
6,"-84.23, 33.94",Tuesday,12,33.94,-84.23
10,"-84.24, 33.94",Tuesday,12,33.94,-84.24
13,"-84.24, 33.95",Tuesday,12,33.95,-84.24
6,"-84.25, 33.92",Tuesday,12,33.92,-84.25
9,"-84.25, 33.94",Tuesday,12,33.94,-84.25
7,"-84.25, 33.95",Tuesday,12,33.95,-84.25
7,"-84.26, 33.94",Tuesday,12,33.94,-84.26
7,"-84.26, 33.96",Tuesday,12,33.96,-84.26
6,"-84.27, 33.92",Tuesday,12,33.92,-84.27
8,"-84.3, 33.89",Tuesday,12,33.89,-84.3
8,"-84.19, 33.97",Tuesday,13,33.97,-84.19
7,"-84.19, 34.01",Tuesday,13,34.01,-84.19
5,"-84.2, 33.89",Tuesday,13,33.89,-84.2
6,"-84.21, 33.9",Tuesday,13,33.9,-84.21
8,"-84.21, 33.94",Tuesday,13,33.94,-84.21
6,"-84.22, 33.91",Tuesday,13,33.91,-84.22
8,"-84.22, 33.92",Tuesday,13,33.92,-84.22
5,"-84.22, 33.93",Tuesday,13,33.93,-84.22
18,"-84.22, 33.97",Tuesday,13,33.97,-84.22
6,"-84.22, 33.98",Tuesday,13,33.98,-84.22
8,"-84.24, 33.94",Tuesday,13,33.94,-84.24
20,"-84.24, 33.95",Tuesday,13,33.95,-84.24
15,"-84.25, 33.94",Tuesday,13,33.94,-84.25
8,"-84.26, 33.94",Tuesday,13,33.94,-84.26
11,"-84.27, 33.92",Tuesday,13,33.92,-84.27
7,"-84.28, 33.9",Tuesday,13,33.9,-84.28
5,"-84.28, 33.94",Tuesday,13,33.94,-84.28
5,"-84.14, 33.95",Tuesday,14,33.95,-84.14
9,"-84.18, 33.92",Tuesday,14,33.92,-84.18
8,"-84.19, 33.97",Tuesday,14,33.97,-84.19
6,"-84.2, 33.89",Tuesday,14,33.89,-84.2
5,"-84.21, 33.9",Tuesday,14,33.9,-84.21
5,"-84.21, 33.94",Tuesday,14,33.94,-84.21
7,"-84.21, 33.96",Tuesday,14,33.96,-84.21
9,"-84.22, 33.91",Tuesday,14,33.91,-84.22
6,"-84.22, 33.93",Tuesday,14,33.93,-84.22
13,"-84.22, 33.97",Tuesday,14,33.97,-84.22
6,"-84.23, 33.93",Tuesday,14,33.93,-84.23
25,"-84.24, 33.95",Tuesday,14,33.95,-84.24
17,"-84.25, 33.94",Tuesday,14,33.94,-84.25
8,"-84.25, 33.95",Tuesday,14,33.95,-84.25
5,"-84.26, 33.95",Tuesday,14,33.95,-84.26
12,"-84.26, 33.96",Tuesday,14,33.96,-84.26
5,"-84.27, 33.92",Tuesday,14,33.92,-84.27
5,"-84.27, 33.93",Tuesday,14,33.93,-84.27
6,"-84.28, 33.9",Tuesday,14,33.9,-84.28
7,"-84.34, 33.92",Tuesday,14,33.92,-84.34
5,"-84.14, 33.95",Tuesday,15,33.95,-84.14
7,"-84.17, 34.06",Tuesday,15,34.06,-84.17
5,"-84.18, 33.92",Tuesday,15,33.92,-84.18
5,"-84.19, 33.93",Tuesday,15,33.93,-84.19
8,"-84.21, 33.94",Tuesday,15,33.94,-84.21
7,"-84.21, 33.96",Tuesday,15,33.96,-84.21
7,"-84.22, 33.91",Tuesday,15,33.91,-84.22
5,"-84.22, 33.92",Tuesday,15,33.92,-84.22
8,"-84.22, 33.97",Tuesday,15,33.97,-84.22
9,"-84.22, 33.98",Tuesday,15,33.98,-84.22
15,"-84.24, 33.95",Tuesday,15,33.95,-84.24
17,"-84.25, 33.94",Tuesday,15,33.94,-84.25
5,"-84.25, 33.95",Tuesday,15,33.95,-84.25
5,"-84.26, 33.93",Tuesday,15,33.93,-84.26
5,"-84.26, 33.94",Tuesday,15,33.94,-84.26
6,"-84.26, 33.95",Tuesday,15,33.95,-84.26
5,"-84.26, 33.96",Tuesday,15,33.96,-84.26
5,"-84.27, 33.93",Tuesday,15,33.93,-84.27
5,"-84.28, 33.9",Tuesday,15,33.9,-84.28
5,"-84.19, 33.93",Tuesday,16,33.93,-84.19
6,"-84.2, 33.89",Tuesday,16,33.89,-84.2
5,"-84.21, 33.9",Tuesday,16,33.9,-84.21
5,"-84.22, 33.91",Tuesday,16,33.91,-84.22
6,"-84.22, 33.93",Tuesday,16,33.93,-84.22
5,"-84.22, 33.97",Tuesday,16,33.97,-84.22
8,"-84.23, 33.93",Tuesday,16,33.93,-84.23
5,"-84.24, 33.94",Tuesday,16,33.94,-84.24
13,"-84.24, 33.95",Tuesday,16,33.95,-84.24
13,"-84.25, 33.94",Tuesday,16,33.94,-84.25
8,"-84.25, 33.95",Tuesday,16,33.95,-84.25
7,"-84.26, 33.95",Tuesday,16,33.95,-84.26
6,"-84.26, 33.96",Tuesday,16,33.96,-84.26
6,"-84.27, 33.93",Tuesday,16,33.93,-84.27
8,"-84.28, 33.9",Tuesday,16,33.9,-84.28
6,"-84.19, 33.93",Tuesday,17,33.93,-84.19
7,"-84.2, 33.89",Tuesday,17,33.89,-84.2
6,"-84.21, 33.94",Tuesday,17,33.94,-84.21
11,"-84.21, 33.96",Tuesday,17,33.96,-84.21
6,"-84.22, 33.92",Tuesday,17,33.92,-84.22
13,"-84.23, 33.93",Tuesday,17,33.93,-84.23
6,"-84.24, 33.94",Tuesday,17,33.94,-84.24
7,"-84.24, 33.95",Tuesday,17,33.95,-84.24
15,"-84.25, 33.94",Tuesday,17,33.94,-84.25
13,"-84.25, 33.95",Tuesday,17,33.95,-84.25
8,"-84.26, 33.94",Tuesday,17,33.94,-84.26
6,"-84.26, 33.95",Tuesday,17,33.95,-84.26
11,"-84.26, 33.96",Tuesday,17,33.96,-84.26
5,"-84.09, 33.91",Tuesday,18,33.91,-84.09
6,"-84.14, 34.02",Tuesday,18,34.02,-84.14
6,"-84.15, 33.99",Tuesday,18,33.99,-84.15
5,"-84.18, 33.92",Tuesday,18,33.92,-84.18
7,"-84.2, 33.92",Tuesday,18,33.92,-84.2
9,"-84.2, 33.93",Tuesday,18,33.93,-84.2
9,"-84.21, 33.9",Tuesday,18,33.9,-84.21
8,"-84.21, 33.94",Tuesday,18,33.94,-84.21
5,"-84.21, 33.96",Tuesday,18,33.96,-84.21
9,"-84.24, 33.94",Tuesday,18,33.94,-84.24
11,"-84.24, 33.95",Tuesday,18,33.95,-84.24
21,"-84.25, 33.94",Tuesday,18,33.94,-84.25
10,"-84.25, 33.95",Tuesday,18,33.95,-84.25
10,"-84.26, 33.95",Tuesday,18,33.95,-84.26
8,"-84.26, 33.96",Tuesday,18,33.96,-84.26
9,"-84.28, 33.9",Tuesday,18,33.9,-84.28
5,"-84.13, 33.94",Tuesday,19,33.94,-84.13
5,"-84.14, 33.95",Tuesday,19,33.95,-84.14
6,"-84.14, 34.02",Tuesday,19,34.02,-84.14
5,"-84.15, 33.99",Tuesday,19,33.99,-84.15
6,"-84.18, 33.89",Tuesday,19,33.89,-84.18
5,"-84.18, 33.93",Tuesday,19,33.93,-84.18
5,"-84.2, 33.92",Tuesday,19,33.92,-84.2
8,"-84.21, 33.9",Tuesday,19,33.9,-84.21
10,"-84.21, 33.94",Tuesday,19,33.94,-84.21
9,"-84.21, 33.96",Tuesday,19,33.96,-84.21
7,"-84.22, 33.91",Tuesday,19,33.91,-84.22
8,"-84.22, 33.92",Tuesday,19,33.92,-84.22
6,"-84.22, 33.97",Tuesday,19,33.97,-84.22
11,"-84.22, 33.98",Tuesday,19,33.98,-84.22
8,"-84.24, 33.94",Tuesday,19,33.94,-84.24
11,"-84.24, 33.95",Tuesday,19,33.95,-84.24
28,"-84.25, 33.94",Tuesday,19,33.94,-84.25
9,"-84.25, 33.95",Tuesday,19,33.95,-84.25
16,"-84.26, 33.94",Tuesday,19,33.94,-84.26
15,"-84.26, 33.95",Tuesday,19,33.95,-84.26
8,"-84.26, 33.96",Tuesday,19,33.96,-84.26
8,"-84.27, 33.93",Tuesday,19,33.93,-84.27
11,"-84.06, 33.94",Tuesday,20,33.94,-84.06
7,"-84.13, 33.94",Tuesday,20,33.94,-84.13
7,"-84.15, 33.99",Tuesday,20,33.99,-84.15
6,"-84.16, 33.95",Tuesday,20,33.95,-84.16
6,"-84.17, 33.91",Tuesday,20,33.91,-84.17
6,"-84.19, 33.93",Tuesday,20,33.93,-84.19
6,"-84.2, 33.89",Tuesday,20,33.89,-84.2
6,"-84.2, 33.92",Tuesday,20,33.92,-84.2
7,"-84.2, 33.93",Tuesday,20,33.93,-84.2
8,"-84.21, 33.9",Tuesday,20,33.9,-84.21
5,"-84.21, 33.91",Tuesday,20,33.91,-84.21
5,"-84.21, 33.93",Tuesday,20,33.93,-84.21
5,"-84.21, 33.94",Tuesday,20,33.94,-84.21
9,"-84.21, 33.96",Tuesday,20,33.96,-84.21
9,"-84.22, 33.91",Tuesday,20,33.91,-84.22
8,"-84.22, 33.98",Tuesday,20,33.98,-84.22
12,"-84.24, 33.94",Tuesday,20,33.94,-84.24
19,"-84.24, 33.95",Tuesday,20,33.95,-84.24
35,"-84.25, 33.94",Tuesday,20,33.94,-84.25
12,"-84.25, 33.95",Tuesday,20,33.95,-84.25
6,"-84.26, 33.94",Tuesday,20,33.94,-84.26
18,"-84.26, 33.95",Tuesday,20,33.95,-84.26
7,"-84.26, 33.96",Tuesday,20,33.96,-84.26
5,"-84.27, 33.92",Tuesday,20,33.92,-84.27
5,"-84.27, 33.93",Tuesday,20,33.93,-84.27
5,"-84.27, 33.94",Tuesday,20,33.94,-84.27
5,"-84.27, 33.96",Tuesday,20,33.96,-84.27
5,"-84.28, 33.9",Tuesday,20,33.9,-84.28
5,"-84.13, 33.94",Tuesday,21,33.94,-84.13
8,"-84.14, 33.95",Tuesday,21,33.95,-84.14
6,"-84.17, 33.91",Tuesday,21,33.91,-84.17
11,"-84.18, 33.93",Tuesday,21,33.93,-84.18
5,"-84.2, 33.89",Tuesday,21,33.89,-84.2
12,"-84.2, 33.92",Tuesday,21,33.92,-84.2
10,"-84.21, 33.9",Tuesday,21,33.9,-84.21
5,"-84.21, 33.94",Tuesday,21,33.94,-84.21
8,"-84.22, 33.91",Tuesday,21,33.91,-84.22
5,"-84.22, 33.98",Tuesday,21,33.98,-84.22
8,"-84.24, 33.94",Tuesday,21,33.94,-84.24
13,"-84.24, 33.95",Tuesday,21,33.95,-84.24
23,"-84.25, 33.94",Tuesday,21,33.94,-84.25
9,"-84.25, 33.95",Tuesday,21,33.95,-84.25
18,"-84.26, 33.95",Tuesday,21,33.95,-84.26
5,"-84.26, 33.96",Tuesday,21,33.96,-84.26
5,"-84.27, 33.92",Tuesday,21,33.92,-84.27
7,"-84.27, 33.93",Tuesday,21,33.93,-84.27
6,"-84.27, 33.94",Tuesday,21,33.94,-84.27
8,"-84.14, 33.95",Tuesday,22,33.95,-84.14
6,"-84.15, 33.92",Tuesday,22,33.92,-84.15
6,"-84.16, 33.9",Tuesday,22,33.9,-84.16
10,"-84.17, 33.99",Tuesday,22,33.99,-84.17
7,"-84.19, 33.93",Tuesday,22,33.93,-84.19
6,"-84.2, 33.92",Tuesday,22,33.92,-84.2
5,"-84.2, 33.93",Tuesday,22,33.93,-84.2
8,"-84.21, 33.9",Tuesday,22,33.9,-84.21
7,"-84.21, 33.91",Tuesday,22,33.91,-84.21
9,"-84.21, 33.96",Tuesday,22,33.96,-84.21
5,"-84.22, 33.92",Tuesday,22,33.92,-84.22
8,"-84.22, 33.93",Tuesday,22,33.93,-84.22
7,"-84.24, 33.95",Tuesday,22,33.95,-84.24
21,"-84.25, 33.94",Tuesday,22,33.94,-84.25
10,"-84.25, 33.95",Tuesday,22,33.95,-84.25
6,"-84.26, 33.94",Tuesday,22,33.94,-84.26
11,"-84.26, 33.95",Tuesday,22,33.95,-84.26
6,"-84.26, 33.96",Tuesday,22,33.96,-84.26
5,"-84.27, 33.93",Tuesday,22,33.93,-84.27
5,"-84.27, 33.94",Tuesday,22,33.94,-84.27
5,"-84.17, 33.99",Tuesday,23,33.99,-84.17
6,"-84.19, 33.93",Tuesday,23,33.93,-84.19
8,"-84.2, 33.92",Tuesday,23,33.92,-84.2
5,"-84.21, 33.94",Tuesday,23,33.94,-84.21
18,"-84.21, 33.96",Tuesday,23,33.96,-84.21
8,"-84.22, 33.93",Tuesday,23,33.93,-84.22
5,"-84.23, 33.92",Tuesday,23,33.92,-84.23
6,"-84.24, 33.95",Tuesday,23,33.95,-84.24
20,"-84.25, 33.94",Tuesday,23,33.94,-84.25
8,"-84.25, 33.95",Tuesday,23,33.95,-84.25
5,"-84.26, 33.94",Tuesday,23,33.94,-84.26
19,"-84.26, 33.95",Tuesday,23,33.95,-84.26
5,"-84.15, 33.92",Wednesday,0,33.92,-84.15
5,"-84.17, 33.99",Wednesday,0,33.99,-84.17
6,"-84.18, 33.92",Wednesday,0,33.92,-84.18
5,"-84.21, 33.91",Wednesday,0,33.91,-84.21
6,"-84.21, 33.94",Wednesday,0,33.94,-84.21
14,"-84.21, 33.96",Wednesday,0,33.96,-84.21
9,"-84.22, 33.92",Wednesday,0,33.92,-84.22
5,"-84.22, 33.93",Wednesday,0,33.93,-84.22
5,"-84.23, 33.93",Wednesday,0,33.93,-84.23
5,"-84.24, 33.94",Wednesday,0,33.94,-84.24
14,"-84.25, 33.94",Wednesday,0,33.94,-84.25
13,"-84.25, 33.95",Wednesday,0,33.95,-84.25
6,"-84.26, 33.91",Wednesday,0,33.91,-84.26
11,"-84.26, 33.94",Wednesday,0,33.94,-84.26
6,"-84.26, 33.95",Wednesday,0,33.95,-84.26
5,"-84.27, 33.92",Wednesday,0,33.92,-84.27
5,"-84.27, 33.94",Wednesday,0,33.94,-84.27
7,"-84.18, 33.92",Wednesday,1,33.92,-84.18
5,"-84.2, 33.9",Wednesday,1,33.9,-84.2
34,"-84.21, 33.96",Wednesday,1,33.96,-84.21
9,"-84.22, 33.92",Wednesday,1,33.92,-84.22
6,"-84.22, 33.93",Wednesday,1,33.93,-84.22
6,"-84.24, 33.94",Wednesday,1,33.94,-84.24
7,"-84.25, 33.94",Wednesday,1,33.94,-84.25
8,"-84.25, 33.95",Wednesday,1,33.95,-84.25
6,"-84.26, 33.94",Wednesday,1,33.94,-84.26
9,"-84.26, 33.95",Wednesday,1,33.95,-84.26
9,"-84.28, 33.9",Wednesday,1,33.9,-84.28
7,"-84.21, 33.9",Wednesday,2,33.9,-84.21
5,"-84.21, 33.94",Wednesday,2,33.94,-84.21
16,"-84.21, 33.96",Wednesday,2,33.96,-84.21
11,"-84.22, 33.92",Wednesday,2,33.92,-84.22
5,"-84.25, 33.94",Wednesday,2,33.94,-84.25
14,"-84.25, 33.95",Wednesday,2,33.95,-84.25
9,"-84.26, 33.94",Wednesday,2,33.94,-84.26
6,"-84.26, 33.95",Wednesday,2,33.95,-84.26
6,"-84.26, 33.96",Wednesday,2,33.96,-84.26
6,"-84.28, 33.94",Wednesday,2,33.94,-84.28
9,"-84.19, 33.91",Wednesday,3,33.91,-84.19
6,"-84.21, 33.94",Wednesday,3,33.94,-84.21
8,"-84.21, 33.96",Wednesday,3,33.96,-84.21
5,"-84.25, 33.94",Wednesday,3,33.94,-84.25
5,"-84.25, 33.95",Wednesday,3,33.95,-84.25
11,"-84.26, 33.94",Wednesday,3,33.94,-84.26
7,"-84.26, 33.95",Wednesday,3,33.95,-84.26
5,"-84.27, 33.93",Wednesday,3,33.93,-84.27
6,"-84.27, 33.94",Wednesday,3,33.94,-84.27
6,"-84.21, 33.94",Wednesday,4,33.94,-84.21
5,"-84.24, 33.94",Wednesday,4,33.94,-84.24
5,"-84.14, 33.95",Wednesday,5,33.95,-84.14
8,"-84.14, 34.0",Wednesday,5,34.0,-84.14
5,"-84.14, 34.0",Wednesday,6,34.0,-84.14
6,"-84.23, 33.94",Wednesday,6,33.94,-84.23
5,"-84.22, 33.91",Wednesday,7,33.91,-84.22
6,"-84.16, 33.97",Wednesday,8,33.97,-84.16
5,"-84.22, 33.91",Wednesday,8,33.91,-84.22
5,"-84.09, 33.98",Wednesday,9,33.98,-84.09
7,"-84.18, 33.92",Wednesday,9,33.92,-84.18
5,"-84.22, 33.93",Wednesday,9,33.93,-84.22
5,"-84.24, 33.95",Wednesday,9,33.95,-84.24
8,"-84.25, 33.94",Wednesday,9,33.94,-84.25
8,"-84.28, 33.9",Wednesday,9,33.9,-84.28
7,"-84.16, 33.97",Wednesday,10,33.97,-84.16
9,"-84.18, 33.92",Wednesday,10,33.92,-84.18
5,"-84.22, 33.93",Wednesday,10,33.93,-84.22
5,"-84.22, 33.96",Wednesday,10,33.96,-84.22
7,"-84.24, 33.95",Wednesday,10,33.95,-84.24
6,"-84.25, 33.94",Wednesday,10,33.94,-84.25
8,"-84.28, 33.9",Wednesday,10,33.9,-84.28
12,"-84.06, 33.95",Wednesday,11,33.95,-84.06
6,"-84.18, 33.92",Wednesday,11,33.92,-84.18
5,"-84.21, 33.9",Wednesday,11,33.9,-84.21
7,"-84.21, 33.94",Wednesday,11,33.94,-84.21
6,"-84.22, 33.92",Wednesday,11,33.92,-84.22
7,"-84.22, 33.96",Wednesday,11,33.96,-84.22
7,"-84.22, 33.97",Wednesday,11,33.97,-84.22
10,"-84.23, 33.94",Wednesday,11,33.94,-84.23
12,"-84.24, 33.95",Wednesday,11,33.95,-84.24
7,"-84.25, 33.95",Wednesday,11,33.95,-84.25
5,"-84.26, 33.94",Wednesday,11,33.94,-84.26
6,"-84.28, 33.9",Wednesday,11,33.9,-84.28
6,"-84.19, 33.97",Wednesday,12,33.97,-84.19
6,"-84.21, 33.91",Wednesday,12,33.91,-84.21
7,"-84.21, 33.96",Wednesday,12,33.96,-84.21
8,"-84.22, 33.92",Wednesday,12,33.92,-84.22
6,"-84.22, 33.93",Wednesday,12,33.93,-84.22
6,"-84.22, 33.96",Wednesday,12,33.96,-84.22
12,"-84.22, 33.97",Wednesday,12,33.97,-84.22
6,"-84.23, 33.94",Wednesday,12,33.94,-84.23
12,"-84.24, 33.94",Wednesday,12,33.94,-84.24
7,"-84.24, 33.95",Wednesday,12,33.95,-84.24
14,"-84.25, 33.94",Wednesday,12,33.94,-84.25
5,"-84.26, 33.93",Wednesday,12,33.93,-84.26
8,"-84.26, 33.96",Wednesday,12,33.96,-84.26
7,"-84.28, 33.9",Wednesday,12,33.9,-84.28
6,"-84.18, 33.93",Wednesday,13,33.93,-84.18
5,"-84.19, 33.93",Wednesday,13,33.93,-84.19
9,"-84.19, 33.97",Wednesday,13,33.97,-84.19
8,"-84.2, 33.89",Wednesday,13,33.89,-84.2
6,"-84.21, 33.93",Wednesday,13,33.93,-84.21
8,"-84.22, 33.91",Wednesday,13,33.91,-84.22
5,"-84.22, 33.92",Wednesday,13,33.92,-84.22
5,"-84.22, 33.93",Wednesday,13,33.93,-84.22
6,"-84.22, 33.96",Wednesday,13,33.96,-84.22
11,"-84.22, 33.97",Wednesday,13,33.97,-84.22
15,"-84.22, 33.98",Wednesday,13,33.98,-84.22
6,"-84.23, 33.97",Wednesday,13,33.97,-84.23
5,"-84.24, 33.93",Wednesday,13,33.93,-84.24
5,"-84.24, 33.94",Wednesday,13,33.94,-84.24
7,"-84.24, 33.95",Wednesday,13,33.95,-84.24
15,"-84.25, 33.94",Wednesday,13,33.94,-84.25
5,"-84.25, 33.95",Wednesday,13,33.95,-84.25
6,"-84.26, 33.93",Wednesday,13,33.93,-84.26
6,"-84.26, 33.95",Wednesday,13,33.95,-84.26
7,"-84.27, 33.92",Wednesday,13,33.92,-84.27
5,"-84.27, 33.93",Wednesday,13,33.93,-84.27
7,"-84.28, 33.9",Wednesday,13,33.9,-84.28
6,"-84.13, 33.94",Wednesday,14,33.94,-84.13
10,"-84.19, 33.97",Wednesday,14,33.97,-84.19
6,"-84.2, 33.89",Wednesday,14,33.89,-84.2
5,"-84.2, 33.92",Wednesday,14,33.92,-84.2
8,"-84.21, 33.94",Wednesday,14,33.94,-84.21
5,"-84.22, 33.93",Wednesday,14,33.93,-84.22
13,"-84.22, 33.97",Wednesday,14,33.97,-84.22
6,"-84.22, 33.98",Wednesday,14,33.98,-84.22
5,"-84.23, 33.93",Wednesday,14,33.93,-84.23
8,"-84.24, 33.94",Wednesday,14,33.94,-84.24
21,"-84.24, 33.95",Wednesday,14,33.95,-84.24
18,"-84.25, 33.94",Wednesday,14,33.94,-84.25
5,"-84.25, 33.95",Wednesday,14,33.95,-84.25
7,"-84.26, 33.94",Wednesday,14,33.94,-84.26
14,"-84.26, 33.96",Wednesday,14,33.96,-84.26
6,"-84.27, 33.93",Wednesday,14,33.93,-84.27
5,"-84.28, 33.94",Wednesday,14,33.94,-84.28
7,"-84.13, 33.94",Wednesday,15,33.94,-84.13
7,"-84.19, 33.93",Wednesday,15,33.93,-84.19
5,"-84.2, 33.92",Wednesday,15,33.92,-84.2
6,"-84.21, 33.9",Wednesday,15,33.9,-84.21
5,"-84.21, 33.93",Wednesday,15,33.93,-84.21
7,"-84.21, 33.94",Wednesday,15,33.94,-84.21
5,"-84.21, 33.97",Wednesday,15,33.97,-84.21
9,"-84.22, 33.91",Wednesday,15,33.91,-84.22
5,"-84.22, 33.93",Wednesday,15,33.93,-84.22
5,"-84.22, 33.94",Wednesday,15,33.94,-84.22
10,"-84.22, 33.97",Wednesday,15,33.97,-84.22
6,"-84.23, 33.93",Wednesday,15,33.93,-84.23
7,"-84.23, 33.97",Wednesday,15,33.97,-84.23
12,"-84.24, 33.94",Wednesday,15,33.94,-84.24
10,"-84.24, 33.95",Wednesday,15,33.95,-84.24
26,"-84.25, 33.94",Wednesday,15,33.94,-84.25
8,"-84.25, 33.95",Wednesday,15,33.95,-84.25
6,"-84.26, 33.95",Wednesday,15,33.95,-84.26
8,"-84.26, 33.96",Wednesday,15,33.96,-84.26
6,"-84.21, 33.96",Wednesday,16,33.96,-84.21
6,"-84.23, 33.93",Wednesday,16,33.93,-84.23
7,"-84.24, 33.94",Wednesday,16,33.94,-84.24
14,"-84.25, 33.94",Wednesday,16,33.94,-84.25
9,"-84.25, 33.95",Wednesday,16,33.95,-84.25
6,"-84.26, 33.94",Wednesday,16,33.94,-84.26
13,"-84.26, 33.95",Wednesday,16,33.95,-84.26
7,"-84.28, 33.9",Wednesday,16,33.9,-84.28
11,"-84.21, 33.96",Wednesday,17,33.96,-84.21
9,"-84.22, 33.93",Wednesday,17,33.93,-84.22
10,"-84.23, 33.93",Wednesday,17,33.93,-84.23
8,"-84.24, 33.94",Wednesday,17,33.94,-84.24
10,"-84.24, 33.95",Wednesday,17,33.95,-84.24
19,"-84.25, 33.94",Wednesday,17,33.94,-84.25
6,"-84.25, 33.95",Wednesday,17,33.95,-84.25
5,"-84.26, 33.94",Wednesday,17,33.94,-84.26
8,"-84.26, 33.95",Wednesday,17,33.95,-84.26
9,"-84.26, 33.96",Wednesday,17,33.96,-84.26
9,"-84.28, 33.9",Wednesday,17,33.9,-84.28
5,"-84.13, 33.94",Wednesday,18,33.94,-84.13
9,"-84.14, 34.02",Wednesday,18,34.02,-84.14
7,"-84.15, 33.99",Wednesday,18,33.99,-84.15
9,"-84.18, 33.92",Wednesday,18,33.92,-84.18
6,"-84.21, 33.91",Wednesday,18,33.91,-84.21
6,"-84.21, 33.94",Wednesday,18,33.94,-84.21
5,"-84.24, 33.92",Wednesday,18,33.92,-84.24
9,"-84.24, 33.94",Wednesday,18,33.94,-84.24
7,"-84.24, 33.95",Wednesday,18,33.95,-84.24
13,"-84.25, 33.94",Wednesday,18,33.94,-84.25
14,"-84.25, 33.95",Wednesday,18,33.95,-84.25
6,"-84.26, 33.94",Wednesday,18,33.94,-84.26
9,"-84.26, 33.95",Wednesday,18,33.95,-84.26
8,"-84.26, 33.96",Wednesday,18,33.96,-84.26
5,"-84.28, 33.98",Wednesday,18,33.98,-84.28
5,"-84.13, 33.94",Wednesday,19,33.94,-84.13
6,"-84.14, 34.02",Wednesday,19,34.02,-84.14
7,"-84.15, 33.95",Wednesday,19,33.95,-84.15
8,"-84.15, 33.99",Wednesday,19,33.99,-84.15
5,"-84.17, 33.99",Wednesday,19,33.99,-84.17
7,"-84.19, 33.9",Wednesday,19,33.9,-84.19
7,"-84.19, 33.93",Wednesday,19,33.93,-84.19
8,"-84.2, 33.92",Wednesday,19,33.92,-84.2
6,"-84.21, 33.9",Wednesday,19,33.9,-84.21
6,"-84.21, 33.96",Wednesday,19,33.96,-84.21
9,"-84.22, 33.91",Wednesday,19,33.91,-84.22
5,"-84.22, 33.97",Wednesday,19,33.97,-84.22
5,"-84.22, 33.98",Wednesday,19,33.98,-84.22
14,"-84.24, 33.95",Wednesday,19,33.95,-84.24
25,"-84.25, 33.94",Wednesday,19,33.94,-84.25
15,"-84.25, 33.95",Wednesday,19,33.95,-84.25
12,"-84.26, 33.94",Wednesday,19,33.94,-84.26
12,"-84.26, 33.95",Wednesday,19,33.95,-84.26
5,"-84.26, 33.96",Wednesday,19,33.96,-84.26
5,"-84.27, 33.92",Wednesday,19,33.92,-84.27
5,"-84.28, 33.98",Wednesday,19,33.98,-84.28
7,"-84.06, 33.94",Wednesday,20,33.94,-84.06
6,"-84.12, 33.94",Wednesday,20,33.94,-84.12
5,"-84.13, 33.94",Wednesday,20,33.94,-84.13
7,"-84.14, 33.95",Wednesday,20,33.95,-84.14
6,"-84.15, 33.96",Wednesday,20,33.96,-84.15
9,"-84.15, 33.99",Wednesday,20,33.99,-84.15
5,"-84.19, 33.93",Wednesday,20,33.93,-84.19
6,"-84.2, 33.92",Wednesday,20,33.92,-84.2
8,"-84.2, 33.93",Wednesday,20,33.93,-84.2
5,"-84.21, 33.9",Wednesday,20,33.9,-84.21
5,"-84.21, 33.94",Wednesday,20,33.94,-84.21
12,"-84.21, 33.96",Wednesday,20,33.96,-84.21
11,"-84.22, 33.91",Wednesday,20,33.91,-84.22
6,"-84.22, 33.97",Wednesday,20,33.97,-84.22
6,"-84.22, 33.98",Wednesday,20,33.98,-84.22
6,"-84.23, 33.93",Wednesday,20,33.93,-84.23
19,"-84.24, 33.94",Wednesday,20,33.94,-84.24
14,"-84.24, 33.95",Wednesday,20,33.95,-84.24
27,"-84.25, 33.94",Wednesday,20,33.94,-84.25
13,"-84.25, 33.95",Wednesday,20,33.95,-84.25
11,"-84.26, 33.94",Wednesday,20,33.94,-84.26
11,"-84.26, 33.95",Wednesday,20,33.95,-84.26
10,"-84.26, 33.96",Wednesday,20,33.96,-84.26
5,"-84.28, 33.9",Wednesday,20,33.9,-84.28
7,"-84.28, 33.98",Wednesday,20,33.98,-84.28
5,"-84.12, 33.94",Wednesday,21,33.94,-84.12
5,"-84.15, 33.96",Wednesday,21,33.96,-84.15
6,"-84.16, 33.95",Wednesday,21,33.95,-84.16
9,"-84.19, 33.93",Wednesday,21,33.93,-84.19
5,"-84.2, 33.89",Wednesday,21,33.89,-84.2
8,"-84.2, 33.92",Wednesday,21,33.92,-84.2
6,"-84.2, 33.93",Wednesday,21,33.93,-84.2
5,"-84.21, 33.96",Wednesday,21,33.96,-84.21
8,"-84.22, 33.91",Wednesday,21,33.91,-84.22
5,"-84.22, 33.92",Wednesday,21,33.92,-84.22
5,"-84.22, 33.98",Wednesday,21,33.98,-84.22
6,"-84.24, 33.94",Wednesday,21,33.94,-84.24
8,"-84.24, 33.95",Wednesday,21,33.95,-84.24
21,"-84.25, 33.94",Wednesday,21,33.94,-84.25
15,"-84.25, 33.95",Wednesday,21,33.95,-84.25
5,"-84.26, 33.94",Wednesday,21,33.94,-84.26
10,"-84.26, 33.95",Wednesday,21,33.95,-84.26
6,"-84.26, 33.96",Wednesday,21,33.96,-84.26
5,"-84.28, 33.9",Wednesday,21,33.9,-84.28
14,"-84.17, 33.99",Wednesday,22,33.99,-84.17
11,"-84.19, 33.93",Wednesday,22,33.93,-84.19
5,"-84.21, 33.9",Wednesday,22,33.9,-84.21
10,"-84.21, 33.96",Wednesday,22,33.96,-84.21
7,"-84.22, 33.91",Wednesday,22,33.91,-84.22
8,"-84.24, 33.94",Wednesday,22,33.94,-84.24
6,"-84.24, 33.95",Wednesday,22,33.95,-84.24
28,"-84.25, 33.94",Wednesday,22,33.94,-84.25
13,"-84.25, 33.95",Wednesday,22,33.95,-84.25
10,"-84.26, 33.94",Wednesday,22,33.94,-84.26
11,"-84.26, 33.95",Wednesday,22,33.95,-84.26
6,"-84.27, 33.93",Wednesday,22,33.93,-84.27
7,"-84.17, 33.91",Wednesday,23,33.91,-84.17
8,"-84.17, 33.99",Wednesday,23,33.99,-84.17
5,"-84.2, 33.92",Wednesday,23,33.92,-84.2
22,"-84.21, 33.96",Wednesday,23,33.96,-84.21
8,"-84.24, 33.95",Wednesday,23,33.95,-84.24
15,"-84.25, 33.94",Wednesday,23,33.94,-84.25
15,"-84.25, 33.95",Wednesday,23,33.95,-84.25
11,"-84.26, 33.95",Wednesday,23,33.95,-84.26
5,"-84.27, 33.94",Wednesday,23,33.94,-84.27
